종목코드,종목명,거래일자,거래일순번,종가
000270,기아,2026-02-09,1,153800
000270,기아,2026-02-10,2,154700
000270,기아,2026-02-11,3,161800
000270,기아,2026-02-12,4,166300
000270,기아,2026-02-13,5,164100
000270,기아,2026-02-19,6,170000
000270,기아,2026-02-20,7,171800
000270,기아,2026-02-23,8,172700
000270,기아,2026-02-24,9,174000
000270,기아,2026-02-25,10,196100
000270,기아,2026-02-26,11,206000
000270,기아,2026-02-27,12,205500
000270,기아,2026-03-03,13,182300
000270,기아,2026-03-04,14,156700
000270,기아,2026-03-05,15,166400
000270,기아,2026-03-06,16,167000
000270,기아,2026-03-09,17,153400
000270,기아,2026-03-10,18,161000
000270,기아,2026-03-11,19,162000
000270,기아,2026-03-12,20,167000
000270,기아,2026-03-13,21,164300
000270,기아,2026-03-16,22,162000
000270,기아,2026-03-17,23,167300
000270,기아,2026-03-18,24,175100
000270,기아,2026-03-19,25,170500
000270,기아,2026-03-20,26,168500
000270,기아,2026-03-23,27,161700
000270,기아,2026-03-24,28,157900
000270,기아,2026-03-25,29,157900
000270,기아,2026-03-26,30,154700
000270,기아,2026-03-27,31,155800
000270,기아,2026-03-30,32,151500
000270,기아,2026-03-31,33,145200
000270,기아,2026-04-01,34,155300
000270,기아,2026-04-02,35,150600
000270,기아,2026-04-03,36,150200
000270,기아,2026-04-06,37,151600
000270,기아,2026-04-07,38,150800
000270,기아,2026-04-08,39,159200
000270,기아,2026-04-09,40,150500
000270,기아,2026-04-10,41,149000
000270,기아,2026-04-13,42,147400
000270,기아,2026-04-14,43,149200
000270,기아,2026-04-15,44,151500
000270,기아,2026-04-16,45,157900
000270,기아,2026-04-17,46,159200
000270,기아,2026-04-20,47,157400
000270,기아,2026-04-21,48,160000
000270,기아,2026-04-22,49,160000
000270,기아,2026-04-23,50,158400
000270,기아,2026-04-24,51,153400
000270,기아,2026-04-27,52,152600
000270,기아,2026-04-28,53,155600
000270,기아,2026-04-29,54,156900
000270,기아,2026-04-30,55,151800
000270,기아,2026-05-04,56,154000
000270,기아,2026-05-06,57,154600
000270,기아,2026-05-07,58,157600
000270,기아,2026-05-08,59,164500
000270,기아,2026-05-11,60,174700
000270,기아,2026-05-12,61,168300
000270,기아,2026-05-13,62,179500
000270,기아,2026-05-14,63,178100
000270,기아,2026-05-15,64,168000
000270,기아,2026-05-18,65,162500
000270,기아,2026-05-19,66,154900
000270,기아,2026-05-20,67,149400
000270,기아,2026-05-21,68,167900
000270,기아,2026-05-22,69,164800
000270,기아,2026-05-26,70,167000
000270,기아,2026-05-27,71,164700
000270,기아,2026-05-28,72,164300
000270,기아,2026-05-29,73,169200
000270,기아,2026-06-01,74,169900
000270,기아,2026-06-02,75,168800
000270,기아,2026-06-04,76,164300
000270,기아,2026-06-05,77,161100
000270,기아,2026-06-08,78,151400
000270,기아,2026-06-09,79,164300
000270,기아,2026-06-10,80,159700
000270,기아,2026-06-11,81,156000
000270,기아,2026-06-12,82,166800
000270,기아,2026-06-15,83,167500
000270,기아,2026-06-16,84,170200
000270,기아,2026-06-17,85,166300
000270,기아,2026-06-18,86,158800
000270,기아,2026-06-19,87,154900
000270,기아,2026-06-22,88,151400
000270,기아,2026-06-23,89,137400
000270,기아,2026-06-24,90,138900
000270,기아,2026-06-25,91,139500
000270,기아,2026-06-26,92,135300
000270,기아,2026-06-29,93,140600
000270,기아,2026-06-30,94,138000
000270,기아,2026-07-01,95,141500
000270,기아,2026-07-02,96,145200
000270,기아,2026-07-03,97,152000
000270,기아,2026-07-06,98,160700
000270,기아,2026-07-07,99,153700
000270,기아,2026-07-08,100,156800
000270,기아,2026-07-09,101,144800
000270,기아,2026-07-10,102,147500
000270,기아,2026-07-13,103,143500
000270,기아,2026-07-14,104,139600
000270,기아,2026-07-15,105,145000
000270,기아,2026-07-16,106,149700
000270,기아,2026-07-20,107,140000
000270,기아,2026-07-21,108,144600
000270,기아,2026-07-22,109,146800
000270,기아,2026-07-23,110,149800
000270,기아,2026-07-24,111,130500
000270,기아,2026-07-27,112,130400
000270,기아,2026-07-28,113,121800
000270,기아,2026-07-29,114,120400
000270,기아,2026-07-30,115,120800
000270,기아,2026-07-31,116,131900
000270,기아,2026-08-03,117,129600
000270,기아,2026-08-04,118,129600
000270,기아,2026-08-05,119,133000
000270,기아,2026-08-06,120,133600
000270,기아,2026-08-07,121,134900
000270,기아,2026-08-10,122,135500
000270,기아,2026-08-11,123,134300
000270,기아,2026-08-12,124,135600
000270,기아,2026-08-13,125,137400
000270,기아,2026-08-14,126,141700
000660,SK하이닉스,2026-02-09,1,887000
000660,SK하이닉스,2026-02-10,2,876000
000660,SK하이닉스,2026-02-11,3,860000
000660,SK하이닉스,2026-02-12,4,888000
000660,SK하이닉스,2026-02-13,5,880000
000660,SK하이닉스,2026-02-19,6,894000
000660,SK하이닉스,2026-02-20,7,949000
000660,SK하이닉스,2026-02-23,8,951000
000660,SK하이닉스,2026-02-24,9,1005000
000660,SK하이닉스,2026-02-25,10,1018000
000660,SK하이닉스,2026-02-26,11,1099000
000660,SK하이닉스,2026-02-27,12,1061000
000660,SK하이닉스,2026-03-03,13,939000
000660,SK하이닉스,2026-03-04,14,849000
000660,SK하이닉스,2026-03-05,15,941000
000660,SK하이닉스,2026-03-06,16,924000
000660,SK하이닉스,2026-03-09,17,836000
000660,SK하이닉스,2026-03-10,18,938000
000660,SK하이닉스,2026-03-11,19,955000
000660,SK하이닉스,2026-03-12,20,930000
000660,SK하이닉스,2026-03-13,21,910000
000660,SK하이닉스,2026-03-16,22,974000
000660,SK하이닉스,2026-03-17,23,970000
000660,SK하이닉스,2026-03-18,24,1056000
000660,SK하이닉스,2026-03-19,25,1013000
000660,SK하이닉스,2026-03-20,26,1007000
000660,SK하이닉스,2026-03-23,27,933000
000660,SK하이닉스,2026-03-24,28,986000
000660,SK하이닉스,2026-03-25,29,995000
000660,SK하이닉스,2026-03-26,30,933000
000660,SK하이닉스,2026-03-27,31,922000
000660,SK하이닉스,2026-03-30,32,873000
000660,SK하이닉스,2026-03-31,33,807000
000660,SK하이닉스,2026-04-01,34,893000
000660,SK하이닉스,2026-04-02,35,830000
000660,SK하이닉스,2026-04-03,36,876000
000660,SK하이닉스,2026-04-06,37,886000
000660,SK하이닉스,2026-04-07,38,916000
000660,SK하이닉스,2026-04-08,39,1033000
000660,SK하이닉스,2026-04-09,40,998000
000660,SK하이닉스,2026-04-10,41,1027000
000660,SK하이닉스,2026-04-13,42,1040000
000660,SK하이닉스,2026-04-14,43,1103000
000660,SK하이닉스,2026-04-15,44,1136000
000660,SK하이닉스,2026-04-16,45,1155000
000660,SK하이닉스,2026-04-17,46,1128000
000660,SK하이닉스,2026-04-20,47,1166000
000660,SK하이닉스,2026-04-21,48,1224000
000660,SK하이닉스,2026-04-22,49,1223000
000660,SK하이닉스,2026-04-23,50,1225000
000660,SK하이닉스,2026-04-24,51,1222000
000660,SK하이닉스,2026-04-27,52,1292000
000660,SK하이닉스,2026-04-28,53,1300000
000660,SK하이닉스,2026-04-29,54,1293000
000660,SK하이닉스,2026-04-30,55,1286000
000660,SK하이닉스,2026-05-04,56,1447000
000660,SK하이닉스,2026-05-06,57,1601000
000660,SK하이닉스,2026-05-07,58,1654000
000660,SK하이닉스,2026-05-08,59,1686000
000660,SK하이닉스,2026-05-11,60,1880000
000660,SK하이닉스,2026-05-12,61,1835000
000660,SK하이닉스,2026-05-13,62,1976000
000660,SK하이닉스,2026-05-14,63,1970000
000660,SK하이닉스,2026-05-15,64,1819000
000660,SK하이닉스,2026-05-18,65,1840000
000660,SK하이닉스,2026-05-19,66,1745000
000660,SK하이닉스,2026-05-20,67,1745000
000660,SK하이닉스,2026-05-21,68,1940000
000660,SK하이닉스,2026-05-22,69,1941000
000660,SK하이닉스,2026-05-26,70,2052000
000660,SK하이닉스,2026-05-27,71,2243000
000660,SK하이닉스,2026-05-28,72,2289000
000660,SK하이닉스,2026-05-29,73,2333000
000660,SK하이닉스,2026-06-01,74,2363000
000660,SK하이닉스,2026-06-02,75,2360000
000660,SK하이닉스,2026-06-04,76,2298000
000660,SK하이닉스,2026-06-05,77,2070000
000660,SK하이닉스,2026-06-08,78,1911000
000660,SK하이닉스,2026-06-09,79,2215000
000660,SK하이닉스,2026-06-10,80,2048000
000660,SK하이닉스,2026-06-11,81,2101000
000660,SK하이닉스,2026-06-12,82,2150000
000660,SK하이닉스,2026-06-15,83,2288000
000660,SK하이닉스,2026-06-16,84,2382000
000660,SK하이닉스,2026-06-17,85,2521000
000660,SK하이닉스,2026-06-18,86,2685000
000660,SK하이닉스,2026-06-19,87,2764000
000660,SK하이닉스,2026-06-22,88,2919000
000660,SK하이닉스,2026-06-23,89,2555000
000660,SK하이닉스,2026-06-24,90,2580000
000660,SK하이닉스,2026-06-25,91,2917000
000660,SK하이닉스,2026-06-26,92,2673000
000660,SK하이닉스,2026-06-29,93,2628000
000660,SK하이닉스,2026-06-30,94,2650000
000660,SK하이닉스,2026-07-01,95,2560000
000660,SK하이닉스,2026-07-02,96,2187000
000660,SK하이닉스,2026-07-03,97,2425000
000660,SK하이닉스,2026-07-06,98,2343000
000660,SK하이닉스,2026-07-07,99,2201000
000660,SK하이닉스,2026-07-08,100,2076000
000660,SK하이닉스,2026-07-09,101,2186000
000660,SK하이닉스,2026-07-10,102,2180000
000660,SK하이닉스,2026-07-13,103,1845000
000660,SK하이닉스,2026-07-14,104,1913000
000660,SK하이닉스,2026-07-15,105,2082000
000660,SK하이닉스,2026-07-16,106,1842000
000660,SK하이닉스,2026-07-20,107,1764000
000660,SK하이닉스,2026-07-21,108,1836000
000660,SK하이닉스,2026-07-22,109,1830000
000660,SK하이닉스,2026-07-23,110,1919000
000660,SK하이닉스,2026-07-24,111,1759000
000660,SK하이닉스,2026-07-27,112,1816000
000660,SK하이닉스,2026-07-28,113,1550000
000660,SK하이닉스,2026-07-29,114,1401000
000660,SK하이닉스,2026-07-30,115,1322000
000660,SK하이닉스,2026-07-31,116,1718000
000660,SK하이닉스,2026-08-03,117,1567000
000660,SK하이닉스,2026-08-04,118,1577000
000660,SK하이닉스,2026-08-05,119,1668000
000660,SK하이닉스,2026-08-06,120,1495000
000660,SK하이닉스,2026-08-07,121,1422000
000660,SK하이닉스,2026-08-10,122,1420000
000660,SK하이닉스,2026-08-11,123,1425000
000660,SK하이닉스,2026-08-12,124,1504000
000660,SK하이닉스,2026-08-13,125,1593000
000660,SK하이닉스,2026-08-14,126,1645000
005380,현대차,2026-02-09,1,478000
005380,현대차,2026-02-10,2,480500
005380,현대차,2026-02-11,3,509000
005380,현대차,2026-02-12,4,506000
005380,현대차,2026-02-13,5,499000
005380,현대차,2026-02-19,6,513000
005380,현대차,2026-02-20,7,509000
005380,현대차,2026-02-23,8,523000
005380,현대차,2026-02-24,9,524000
005380,현대차,2026-02-25,10,572000
005380,현대차,2026-02-26,11,609000
005380,현대차,2026-02-27,12,674000
005380,현대차,2026-03-03,13,595000
005380,현대차,2026-03-04,14,501000
005380,현대차,2026-03-05,15,548000
005380,현대차,2026-03-06,16,553000
005380,현대차,2026-03-09,17,507000
005380,현대차,2026-03-10,18,525000
005380,현대차,2026-03-11,19,530000
005380,현대차,2026-03-12,20,521000
005380,현대차,2026-03-13,21,517000
005380,현대차,2026-03-16,22,506000
005380,현대차,2026-03-17,23,522000
005380,현대차,2026-03-18,24,545000
005380,현대차,2026-03-19,25,522000
005380,현대차,2026-03-20,26,517000
005380,현대차,2026-03-23,27,485000
005380,현대차,2026-03-24,28,492000
005380,현대차,2026-03-25,29,501000
005380,현대차,2026-03-26,30,490000
005380,현대차,2026-03-27,31,495000
005380,현대차,2026-03-30,32,469500
005380,현대차,2026-03-31,33,445500
005380,현대차,2026-04-01,34,488000
005380,현대차,2026-04-02,35,465500
005380,현대차,2026-04-03,36,471000
005380,현대차,2026-04-06,37,469000
005380,현대차,2026-04-07,38,473000
005380,현대차,2026-04-08,39,508000
005380,현대차,2026-04-09,40,489500
005380,현대차,2026-04-10,41,489500
005380,현대차,2026-04-13,42,478500
005380,현대차,2026-04-14,43,491500
005380,현대차,2026-04-15,44,508000
005380,현대차,2026-04-16,45,534000
005380,현대차,2026-04-17,46,538000
005380,현대차,2026-04-20,47,527000
005380,현대차,2026-04-21,48,546000
005380,현대차,2026-04-22,49,541000
005380,현대차,2026-04-23,50,532000
005380,현대차,2026-04-24,51,513000
005380,현대차,2026-04-27,52,524000
005380,현대차,2026-04-28,53,555000
005380,현대차,2026-04-29,54,556000
005380,현대차,2026-04-30,55,531000
005380,현대차,2026-05-04,56,539000
005380,현대차,2026-05-06,57,550000
005380,현대차,2026-05-07,58,572000
005380,현대차,2026-05-08,59,613000
005380,현대차,2026-05-11,60,646000
005380,현대차,2026-05-12,61,646000
005380,현대차,2026-05-13,62,710000
005380,현대차,2026-05-14,63,712000
005380,현대차,2026-05-15,64,700000
005380,현대차,2026-05-18,65,663000
005380,현대차,2026-05-19,66,604000
005380,현대차,2026-05-20,67,592000
005380,현대차,2026-05-21,68,666000
005380,현대차,2026-05-22,69,655000
005380,현대차,2026-05-26,70,689000
005380,현대차,2026-05-27,71,681000
005380,현대차,2026-05-28,72,677000
005380,현대차,2026-05-29,73,723000
005380,현대차,2026-06-01,74,750000
005380,현대차,2026-06-02,75,729000
005380,현대차,2026-06-04,76,700000
005380,현대차,2026-06-05,77,700000
005380,현대차,2026-06-08,78,639000
005380,현대차,2026-06-09,79,639000
005380,현대차,2026-06-10,80,602000
005380,현대차,2026-06-11,81,597000
005380,현대차,2026-06-12,82,607000
005380,현대차,2026-06-15,83,647000
005380,현대차,2026-06-16,84,640000
005380,현대차,2026-06-17,85,618000
005380,현대차,2026-06-18,86,601000
005380,현대차,2026-06-19,87,613000
005380,현대차,2026-06-22,88,581000
005380,현대차,2026-06-23,89,511000
005380,현대차,2026-06-24,90,509000
005380,현대차,2026-06-25,91,503000
005380,현대차,2026-06-26,92,480500
005380,현대차,2026-06-29,93,497000
005380,현대차,2026-06-30,94,495000
005380,현대차,2026-07-01,95,487500
005380,현대차,2026-07-02,96,482000
005380,현대차,2026-07-03,97,492000
005380,현대차,2026-07-06,98,502000
005380,현대차,2026-07-07,99,479500
005380,현대차,2026-07-08,100,462500
005380,현대차,2026-07-09,101,445500
005380,현대차,2026-07-10,102,457500
005380,현대차,2026-07-13,103,444000
005380,현대차,2026-07-14,104,424500
005380,현대차,2026-07-15,105,434000
005380,현대차,2026-07-16,106,425000
005380,현대차,2026-07-20,107,399000
005380,현대차,2026-07-21,108,399000
005380,현대차,2026-07-22,109,418000
005380,현대차,2026-07-23,110,432000
005380,현대차,2026-07-24,111,401000
005380,현대차,2026-07-27,112,403000
005380,현대차,2026-07-28,113,364000
005380,현대차,2026-07-29,114,353500
005380,현대차,2026-07-30,115,351000
005380,현대차,2026-07-31,116,388000
005380,현대차,2026-08-03,117,393000
005380,현대차,2026-08-04,118,392500
005380,현대차,2026-08-05,119,404500
005380,현대차,2026-08-06,120,400000
005380,현대차,2026-08-07,121,395500
005380,현대차,2026-08-10,122,408000
005380,현대차,2026-08-11,123,403000
005380,현대차,2026-08-12,124,409500
005380,현대차,2026-08-13,125,418500
005380,현대차,2026-08-14,126,453000
005490,POSCO홀딩스,2026-02-09,1,363500
005490,POSCO홀딩스,2026-02-10,2,371000
005490,POSCO홀딩스,2026-02-11,3,372000
005490,POSCO홀딩스,2026-02-12,4,383000
005490,POSCO홀딩스,2026-02-13,5,375500
005490,POSCO홀딩스,2026-02-19,6,389000
005490,POSCO홀딩스,2026-02-20,7,394000
005490,POSCO홀딩스,2026-02-23,8,388000
005490,POSCO홀딩스,2026-02-24,9,399500
005490,POSCO홀딩스,2026-02-25,10,406500
005490,POSCO홀딩스,2026-02-26,11,407500
005490,POSCO홀딩스,2026-02-27,12,413000
005490,POSCO홀딩스,2026-03-03,13,374500
005490,POSCO홀딩스,2026-03-04,14,321500
005490,POSCO홀딩스,2026-03-05,15,346500
005490,POSCO홀딩스,2026-03-06,16,353500
005490,POSCO홀딩스,2026-03-09,17,336000
005490,POSCO홀딩스,2026-03-10,18,343500
005490,POSCO홀딩스,2026-03-11,19,345000
005490,POSCO홀딩스,2026-03-12,20,347500
005490,POSCO홀딩스,2026-03-13,21,337000
005490,POSCO홀딩스,2026-03-16,22,333500
005490,POSCO홀딩스,2026-03-17,23,342500
005490,POSCO홀딩스,2026-03-18,24,349500
005490,POSCO홀딩스,2026-03-19,25,338000
005490,POSCO홀딩스,2026-03-20,26,343500
005490,POSCO홀딩스,2026-03-23,27,325000
005490,POSCO홀딩스,2026-03-24,28,339500
005490,POSCO홀딩스,2026-03-25,29,342000
005490,POSCO홀딩스,2026-03-26,30,342500
005490,POSCO홀딩스,2026-03-27,31,343000
005490,POSCO홀딩스,2026-03-30,32,343000
005490,POSCO홀딩스,2026-03-31,33,332500
005490,POSCO홀딩스,2026-04-01,34,346000
005490,POSCO홀딩스,2026-04-02,35,341000
005490,POSCO홀딩스,2026-04-03,36,347500
005490,POSCO홀딩스,2026-04-06,37,349000
005490,POSCO홀딩스,2026-04-07,38,345500
005490,POSCO홀딩스,2026-04-08,39,362500
005490,POSCO홀딩스,2026-04-09,40,367000
005490,POSCO홀딩스,2026-04-10,41,369000
005490,POSCO홀딩스,2026-04-13,42,360000
005490,POSCO홀딩스,2026-04-14,43,361500
005490,POSCO홀딩스,2026-04-15,44,368000
005490,POSCO홀딩스,2026-04-16,45,370000
005490,POSCO홀딩스,2026-04-17,46,385000
005490,POSCO홀딩스,2026-04-20,47,389500
005490,POSCO홀딩스,2026-04-21,48,421500
005490,POSCO홀딩스,2026-04-22,49,418500
005490,POSCO홀딩스,2026-04-23,50,410500
005490,POSCO홀딩스,2026-04-24,51,415000
005490,POSCO홀딩스,2026-04-27,52,417500
005490,POSCO홀딩스,2026-04-28,53,466500
005490,POSCO홀딩스,2026-04-29,54,469000
005490,POSCO홀딩스,2026-04-30,55,462000
005490,POSCO홀딩스,2026-05-04,56,502000
005490,POSCO홀딩스,2026-05-06,57,506000
005490,POSCO홀딩스,2026-05-07,58,535000
005490,POSCO홀딩스,2026-05-08,59,525000
005490,POSCO홀딩스,2026-05-11,60,512000
005490,POSCO홀딩스,2026-05-12,61,479000
005490,POSCO홀딩스,2026-05-13,62,478500
005490,POSCO홀딩스,2026-05-14,63,486500
005490,POSCO홀딩스,2026-05-15,64,467500
005490,POSCO홀딩스,2026-05-18,65,463000
005490,POSCO홀딩스,2026-05-19,66,440500
005490,POSCO홀딩스,2026-05-20,67,417000
005490,POSCO홀딩스,2026-05-21,68,443500
005490,POSCO홀딩스,2026-05-22,69,447500
005490,POSCO홀딩스,2026-05-26,70,442000
005490,POSCO홀딩스,2026-05-27,71,423500
005490,POSCO홀딩스,2026-05-28,72,420000
005490,POSCO홀딩스,2026-05-29,73,423500
005490,POSCO홀딩스,2026-06-01,74,413000
005490,POSCO홀딩스,2026-06-02,75,399000
005490,POSCO홀딩스,2026-06-04,76,402000
005490,POSCO홀딩스,2026-06-05,77,390000
005490,POSCO홀딩스,2026-06-08,78,359000
005490,POSCO홀딩스,2026-06-09,79,364500
005490,POSCO홀딩스,2026-06-10,80,363000
005490,POSCO홀딩스,2026-06-11,81,358000
005490,POSCO홀딩스,2026-06-12,82,377000
005490,POSCO홀딩스,2026-06-15,83,395000
005490,POSCO홀딩스,2026-06-16,84,390000
005490,POSCO홀딩스,2026-06-17,85,384500
005490,POSCO홀딩스,2026-06-18,86,367000
005490,POSCO홀딩스,2026-06-19,87,356500
005490,POSCO홀딩스,2026-06-22,88,346500
005490,POSCO홀딩스,2026-06-23,89,322000
005490,POSCO홀딩스,2026-06-24,90,331500
005490,POSCO홀딩스,2026-06-25,91,323000
005490,POSCO홀딩스,2026-06-26,92,305000
005490,POSCO홀딩스,2026-06-29,93,333000
005490,POSCO홀딩스,2026-06-30,94,317000
005490,POSCO홀딩스,2026-07-01,95,315000
005490,POSCO홀딩스,2026-07-02,96,317500
005490,POSCO홀딩스,2026-07-03,97,320000
005490,POSCO홀딩스,2026-07-06,98,321500
005490,POSCO홀딩스,2026-07-07,99,315500
005490,POSCO홀딩스,2026-07-08,100,304000
005490,POSCO홀딩스,2026-07-09,101,297000
005490,POSCO홀딩스,2026-07-10,102,313500
005490,POSCO홀딩스,2026-07-13,103,308000
005490,POSCO홀딩스,2026-07-14,104,303500
005490,POSCO홀딩스,2026-07-15,105,314500
005490,POSCO홀딩스,2026-07-16,106,311500
005490,POSCO홀딩스,2026-07-20,107,302500
005490,POSCO홀딩스,2026-07-21,108,303000
005490,POSCO홀딩스,2026-07-22,109,303000
005490,POSCO홀딩스,2026-07-23,110,323500
005490,POSCO홀딩스,2026-07-24,111,313000
005490,POSCO홀딩스,2026-07-27,112,316000
005490,POSCO홀딩스,2026-07-28,113,299000
005490,POSCO홀딩스,2026-07-29,114,288500
005490,POSCO홀딩스,2026-07-30,115,300500
005490,POSCO홀딩스,2026-07-31,116,312500
005490,POSCO홀딩스,2026-08-03,117,303500
005490,POSCO홀딩스,2026-08-04,118,313000
005490,POSCO홀딩스,2026-08-05,119,317000
005490,POSCO홀딩스,2026-08-06,120,319000
005490,POSCO홀딩스,2026-08-07,121,331000
005490,POSCO홀딩스,2026-08-10,122,336000
005490,POSCO홀딩스,2026-08-11,123,326500
005490,POSCO홀딩스,2026-08-12,124,325000
005490,POSCO홀딩스,2026-08-13,125,325500
005490,POSCO홀딩스,2026-08-14,126,334000
005930,삼성전자,2026-02-09,1,166400
005930,삼성전자,2026-02-10,2,165800
005930,삼성전자,2026-02-11,3,167800
005930,삼성전자,2026-02-12,4,178600
005930,삼성전자,2026-02-13,5,181200
005930,삼성전자,2026-02-19,6,190000
005930,삼성전자,2026-02-20,7,190100
005930,삼성전자,2026-02-23,8,193000
005930,삼성전자,2026-02-24,9,200000
005930,삼성전자,2026-02-25,10,203500
005930,삼성전자,2026-02-26,11,218000
005930,삼성전자,2026-02-27,12,216500
005930,삼성전자,2026-03-03,13,195100
005930,삼성전자,2026-03-04,14,172200
005930,삼성전자,2026-03-05,15,191600
005930,삼성전자,2026-03-06,16,188200
005930,삼성전자,2026-03-09,17,173500
005930,삼성전자,2026-03-10,18,187900
005930,삼성전자,2026-03-11,19,190000
005930,삼성전자,2026-03-12,20,187900
005930,삼성전자,2026-03-13,21,183500
005930,삼성전자,2026-03-16,22,188700
005930,삼성전자,2026-03-17,23,193900
005930,삼성전자,2026-03-18,24,208500
005930,삼성전자,2026-03-19,25,200500
005930,삼성전자,2026-03-20,26,199400
005930,삼성전자,2026-03-23,27,186300
005930,삼성전자,2026-03-24,28,189700
005930,삼성전자,2026-03-25,29,189000
005930,삼성전자,2026-03-26,30,180100
005930,삼성전자,2026-03-27,31,179700
005930,삼성전자,2026-03-30,32,176300
005930,삼성전자,2026-03-31,33,167200
005930,삼성전자,2026-04-01,34,189600
005930,삼성전자,2026-04-02,35,178400
005930,삼성전자,2026-04-03,36,186200
005930,삼성전자,2026-04-06,37,193100
005930,삼성전자,2026-04-07,38,196500
005930,삼성전자,2026-04-08,39,210500
005930,삼성전자,2026-04-09,40,204000
005930,삼성전자,2026-04-10,41,206000
005930,삼성전자,2026-04-13,42,201000
005930,삼성전자,2026-04-14,43,206500
005930,삼성전자,2026-04-15,44,211000
005930,삼성전자,2026-04-16,45,217500
005930,삼성전자,2026-04-17,46,216000
005930,삼성전자,2026-04-20,47,214500
005930,삼성전자,2026-04-21,48,219000
005930,삼성전자,2026-04-22,49,217500
005930,삼성전자,2026-04-23,50,224500
005930,삼성전자,2026-04-24,51,219500
005930,삼성전자,2026-04-27,52,224500
005930,삼성전자,2026-04-28,53,222000
005930,삼성전자,2026-04-29,54,226000
005930,삼성전자,2026-04-30,55,220500
005930,삼성전자,2026-05-04,56,232500
005930,삼성전자,2026-05-06,57,266000
005930,삼성전자,2026-05-07,58,271500
005930,삼성전자,2026-05-08,59,268500
005930,삼성전자,2026-05-11,60,285500
005930,삼성전자,2026-05-12,61,279000
005930,삼성전자,2026-05-13,62,284000
005930,삼성전자,2026-05-14,63,296000
005930,삼성전자,2026-05-15,64,270500
005930,삼성전자,2026-05-18,65,281000
005930,삼성전자,2026-05-19,66,275500
005930,삼성전자,2026-05-20,67,276000
005930,삼성전자,2026-05-21,68,299500
005930,삼성전자,2026-05-22,69,292500
005930,삼성전자,2026-05-26,70,299000
005930,삼성전자,2026-05-27,71,307000
005930,삼성전자,2026-05-28,72,299500
005930,삼성전자,2026-05-29,73,317000
005930,삼성전자,2026-06-01,74,349000
005930,삼성전자,2026-06-02,75,360500
005930,삼성전자,2026-06-04,76,351500
005930,삼성전자,2026-06-05,77,329000
005930,삼성전자,2026-06-08,78,295500
005930,삼성전자,2026-06-09,79,322000
005930,삼성전자,2026-06-10,80,302500
005930,삼성전자,2026-06-11,81,299000
005930,삼성전자,2026-06-12,82,322500
005930,삼성전자,2026-06-15,83,337000
005930,삼성전자,2026-06-16,84,343000
005930,삼성전자,2026-06-17,85,346500
005930,삼성전자,2026-06-18,86,362500
005930,삼성전자,2026-06-19,87,354000
005930,삼성전자,2026-06-22,88,353500
005930,삼성전자,2026-06-23,89,310000
005930,삼성전자,2026-06-24,90,340500
005930,삼성전자,2026-06-25,91,358500
005930,삼성전자,2026-06-26,92,339500
005930,삼성전자,2026-06-29,93,323000
005930,삼성전자,2026-06-30,94,334000
005930,삼성전자,2026-07-01,95,314500
005930,삼성전자,2026-07-02,96,286000
005930,삼성전자,2026-07-03,97,309500
005930,삼성전자,2026-07-06,98,318000
005930,삼성전자,2026-07-07,99,296000
005930,삼성전자,2026-07-08,100,277500
005930,삼성전자,2026-07-09,101,278000
005930,삼성전자,2026-07-10,102,285000
005930,삼성전자,2026-07-13,103,254500
005930,삼성전자,2026-07-14,104,263000
005930,삼성전자,2026-07-15,105,279500
005930,삼성전자,2026-07-16,106,255000
005930,삼성전자,2026-07-20,107,244000
005930,삼성전자,2026-07-21,108,259000
005930,삼성전자,2026-07-22,109,260500
005930,삼성전자,2026-07-23,110,270000
005930,삼성전자,2026-07-24,111,249500
005930,삼성전자,2026-07-27,112,254000
005930,삼성전자,2026-07-28,113,220000
005930,삼성전자,2026-07-29,114,208500
005930,삼성전자,2026-07-30,115,207000
005930,삼성전자,2026-07-31,116,262500
005930,삼성전자,2026-08-03,117,239500
005930,삼성전자,2026-08-04,118,240000
005930,삼성전자,2026-08-05,119,246000
005930,삼성전자,2026-08-06,120,230500
005930,삼성전자,2026-08-07,121,231000
005930,삼성전자,2026-08-10,122,230000
005930,삼성전자,2026-08-11,123,239500
005930,삼성전자,2026-08-12,124,255500
005930,삼성전자,2026-08-13,125,268000
005930,삼성전자,2026-08-14,126,274500
006400,삼성SDI,2026-02-09,1,380000
006400,삼성SDI,2026-02-10,2,381000
006400,삼성SDI,2026-02-11,3,377000
006400,삼성SDI,2026-02-12,4,385500
006400,삼성SDI,2026-02-13,5,374500
006400,삼성SDI,2026-02-19,6,408000
006400,삼성SDI,2026-02-20,7,402000
006400,삼성SDI,2026-02-23,8,391500
006400,삼성SDI,2026-02-24,9,421500
006400,삼성SDI,2026-02-25,10,433000
006400,삼성SDI,2026-02-26,11,449000
006400,삼성SDI,2026-02-27,12,466000
006400,삼성SDI,2026-03-03,13,408000
006400,삼성SDI,2026-03-04,14,351000
006400,삼성SDI,2026-03-05,15,392500
006400,삼성SDI,2026-03-06,16,410500
006400,삼성SDI,2026-03-09,17,389000
006400,삼성SDI,2026-03-10,18,403500
006400,삼성SDI,2026-03-11,19,400000
006400,삼성SDI,2026-03-12,20,400000
006400,삼성SDI,2026-03-13,21,388000
006400,삼성SDI,2026-03-16,22,383000
006400,삼성SDI,2026-03-17,23,389000
006400,삼성SDI,2026-03-18,24,405000
006400,삼성SDI,2026-03-19,25,402500
006400,삼성SDI,2026-03-20,26,400500
006400,삼성SDI,2026-03-23,27,376500
006400,삼성SDI,2026-03-24,28,397500
006400,삼성SDI,2026-03-25,29,404000
006400,삼성SDI,2026-03-26,30,396500
006400,삼성SDI,2026-03-27,31,405500
006400,삼성SDI,2026-03-30,32,412500
006400,삼성SDI,2026-03-31,33,408000
006400,삼성SDI,2026-04-01,34,432000
006400,삼성SDI,2026-04-02,35,443000
006400,삼성SDI,2026-04-03,36,438500
006400,삼성SDI,2026-04-06,37,453500
006400,삼성SDI,2026-04-07,38,456500
006400,삼성SDI,2026-04-08,39,471500
006400,삼성SDI,2026-04-09,40,480000
006400,삼성SDI,2026-04-10,41,481000
006400,삼성SDI,2026-04-13,42,477500
006400,삼성SDI,2026-04-14,43,470500
006400,삼성SDI,2026-04-15,44,471000
006400,삼성SDI,2026-04-16,45,478500
006400,삼성SDI,2026-04-17,46,513000
006400,삼성SDI,2026-04-20,47,538000
006400,삼성SDI,2026-04-21,48,645000
006400,삼성SDI,2026-04-22,49,659000
006400,삼성SDI,2026-04-23,50,630000
006400,삼성SDI,2026-04-24,51,641000
006400,삼성SDI,2026-04-27,52,635000
006400,삼성SDI,2026-04-28,53,680000
006400,삼성SDI,2026-04-29,54,712000
006400,삼성SDI,2026-04-30,55,695000
006400,삼성SDI,2026-05-04,56,705000
006400,삼성SDI,2026-05-06,57,698000
006400,삼성SDI,2026-05-07,58,694000
006400,삼성SDI,2026-05-08,59,678000
006400,삼성SDI,2026-05-11,60,684000
006400,삼성SDI,2026-05-12,61,629000
006400,삼성SDI,2026-05-13,62,634000
006400,삼성SDI,2026-05-14,63,636000
006400,삼성SDI,2026-05-15,64,614000
006400,삼성SDI,2026-05-18,65,613000
006400,삼성SDI,2026-05-19,66,587000
006400,삼성SDI,2026-05-20,67,570000
006400,삼성SDI,2026-05-21,68,616000
006400,삼성SDI,2026-05-22,69,647000
006400,삼성SDI,2026-05-26,70,642000
006400,삼성SDI,2026-05-27,71,630000
006400,삼성SDI,2026-05-28,72,676000
006400,삼성SDI,2026-05-29,73,688000
006400,삼성SDI,2026-06-01,74,652000
006400,삼성SDI,2026-06-02,75,602000
006400,삼성SDI,2026-06-04,76,607000
006400,삼성SDI,2026-06-05,77,568000
006400,삼성SDI,2026-06-08,78,503000
006400,삼성SDI,2026-06-09,79,515000
006400,삼성SDI,2026-06-10,80,496500
006400,삼성SDI,2026-06-11,81,498500
006400,삼성SDI,2026-06-12,82,539000
006400,삼성SDI,2026-06-15,83,553000
006400,삼성SDI,2026-06-16,84,549000
006400,삼성SDI,2026-06-17,85,550000
006400,삼성SDI,2026-06-18,86,522000
006400,삼성SDI,2026-06-19,87,555000
006400,삼성SDI,2026-06-22,88,533000
006400,삼성SDI,2026-06-23,89,469000
006400,삼성SDI,2026-06-24,90,489000
006400,삼성SDI,2026-06-25,91,481000
006400,삼성SDI,2026-06-26,92,455000
006400,삼성SDI,2026-06-29,93,512000
006400,삼성SDI,2026-06-30,94,487000
006400,삼성SDI,2026-07-01,95,491000
006400,삼성SDI,2026-07-02,96,470500
006400,삼성SDI,2026-07-03,97,467500
006400,삼성SDI,2026-07-06,98,451500
006400,삼성SDI,2026-07-07,99,445000
006400,삼성SDI,2026-07-08,100,412000
006400,삼성SDI,2026-07-09,101,401500
006400,삼성SDI,2026-07-10,102,434000
006400,삼성SDI,2026-07-13,103,440000
006400,삼성SDI,2026-07-14,104,427500
006400,삼성SDI,2026-07-15,105,454000
006400,삼성SDI,2026-07-16,106,434500
006400,삼성SDI,2026-07-20,107,401000
006400,삼성SDI,2026-07-21,108,416500
006400,삼성SDI,2026-07-22,109,419000
006400,삼성SDI,2026-07-23,110,467000
006400,삼성SDI,2026-07-24,111,428000
006400,삼성SDI,2026-07-27,112,431000
006400,삼성SDI,2026-07-28,113,382000
006400,삼성SDI,2026-07-29,114,364000
006400,삼성SDI,2026-07-30,115,358500
006400,삼성SDI,2026-07-31,116,397000
006400,삼성SDI,2026-08-03,117,389500
006400,삼성SDI,2026-08-04,118,419500
006400,삼성SDI,2026-08-05,119,429000
006400,삼성SDI,2026-08-06,120,427000
006400,삼성SDI,2026-08-07,121,459000
006400,삼성SDI,2026-08-10,122,481500
006400,삼성SDI,2026-08-11,123,459500
006400,삼성SDI,2026-08-12,124,485500
006400,삼성SDI,2026-08-13,125,487000
006400,삼성SDI,2026-08-14,126,516000
012330,현대모비스,2026-02-09,1,435000
012330,현대모비스,2026-02-10,2,437000
012330,현대모비스,2026-02-11,3,446000
012330,현대모비스,2026-02-12,4,446000
012330,현대모비스,2026-02-13,5,435000
012330,현대모비스,2026-02-19,6,440500
012330,현대모비스,2026-02-20,7,443000
012330,현대모비스,2026-02-23,8,445500
012330,현대모비스,2026-02-24,9,453000
012330,현대모비스,2026-02-25,10,469500
012330,현대모비스,2026-02-26,11,529000
012330,현대모비스,2026-02-27,12,517000
012330,현대모비스,2026-03-03,13,468500
012330,현대모비스,2026-03-04,14,399000
012330,현대모비스,2026-03-05,15,432000
012330,현대모비스,2026-03-06,16,444000
012330,현대모비스,2026-03-09,17,409000
012330,현대모비스,2026-03-10,18,423000
012330,현대모비스,2026-03-11,19,423000
012330,현대모비스,2026-03-12,20,414500
012330,현대모비스,2026-03-13,21,404000
012330,현대모비스,2026-03-16,22,401000
012330,현대모비스,2026-03-17,23,412500
012330,현대모비스,2026-03-18,24,430000
012330,현대모비스,2026-03-19,25,413000
012330,현대모비스,2026-03-20,26,400500
012330,현대모비스,2026-03-23,27,381000
012330,현대모비스,2026-03-24,28,392500
012330,현대모비스,2026-03-25,29,402000
012330,현대모비스,2026-03-26,30,398500
012330,현대모비스,2026-03-27,31,408500
012330,현대모비스,2026-03-30,32,398000
012330,현대모비스,2026-03-31,33,378000
012330,현대모비스,2026-04-01,34,409000
012330,현대모비스,2026-04-02,35,389500
012330,현대모비스,2026-04-03,36,388500
012330,현대모비스,2026-04-06,37,388500
012330,현대모비스,2026-04-07,38,390000
012330,현대모비스,2026-04-08,39,407000
012330,현대모비스,2026-04-09,40,401500
012330,현대모비스,2026-04-10,41,402500
012330,현대모비스,2026-04-13,42,391500
012330,현대모비스,2026-04-14,43,405000
012330,현대모비스,2026-04-15,44,415500
012330,현대모비스,2026-04-16,45,427000
012330,현대모비스,2026-04-17,46,427000
012330,현대모비스,2026-04-20,47,420000
012330,현대모비스,2026-04-21,48,447000
012330,현대모비스,2026-04-22,49,456500
012330,현대모비스,2026-04-23,50,442500
012330,현대모비스,2026-04-24,51,422500
012330,현대모비스,2026-04-27,52,432500
012330,현대모비스,2026-04-28,53,447000
012330,현대모비스,2026-04-29,54,439000
012330,현대모비스,2026-04-30,55,425000
012330,현대모비스,2026-05-04,56,431500
012330,현대모비스,2026-05-06,57,432500
012330,현대모비스,2026-05-07,58,441500
012330,현대모비스,2026-05-08,59,509000
012330,현대모비스,2026-05-11,60,553000
012330,현대모비스,2026-05-12,61,548000
012330,현대모비스,2026-05-13,62,649000
012330,현대모비스,2026-05-14,63,650000
012330,현대모비스,2026-05-15,64,629000
012330,현대모비스,2026-05-18,65,571000
012330,현대모비스,2026-05-19,66,525000
012330,현대모비스,2026-05-20,67,535000
012330,현대모비스,2026-05-21,68,670000
012330,현대모비스,2026-05-22,69,646000
012330,현대모비스,2026-05-26,70,664000
012330,현대모비스,2026-05-27,71,688000
012330,현대모비스,2026-05-28,72,686000
012330,현대모비스,2026-05-29,73,768000
012330,현대모비스,2026-06-01,74,761000
012330,현대모비스,2026-06-02,75,759000
012330,현대모비스,2026-06-04,76,748000
012330,현대모비스,2026-06-05,77,697000
012330,현대모비스,2026-06-08,78,612000
012330,현대모비스,2026-06-09,79,595000
012330,현대모비스,2026-06-10,80,570000
012330,현대모비스,2026-06-11,81,576000
012330,현대모비스,2026-06-12,82,607000
012330,현대모비스,2026-06-15,83,640000
012330,현대모비스,2026-06-16,84,660000
012330,현대모비스,2026-06-17,85,631000
012330,현대모비스,2026-06-18,86,603000
012330,현대모비스,2026-06-19,87,612000
012330,현대모비스,2026-06-22,88,569000
012330,현대모비스,2026-06-23,89,510000
012330,현대모비스,2026-06-24,90,509000
012330,현대모비스,2026-06-25,91,513000
012330,현대모비스,2026-06-26,92,486500
012330,현대모비스,2026-06-29,93,502000
012330,현대모비스,2026-06-30,94,500000
012330,현대모비스,2026-07-01,95,494000
012330,현대모비스,2026-07-02,96,492000
012330,현대모비스,2026-07-03,97,494000
012330,현대모비스,2026-07-06,98,515000
012330,현대모비스,2026-07-07,99,495000
012330,현대모비스,2026-07-08,100,488500
012330,현대모비스,2026-07-09,101,465000
012330,현대모비스,2026-07-10,102,488000
012330,현대모비스,2026-07-13,103,487500
012330,현대모비스,2026-07-14,104,466000
012330,현대모비스,2026-07-15,105,489500
012330,현대모비스,2026-07-16,106,482000
012330,현대모비스,2026-07-20,107,472500
012330,현대모비스,2026-07-21,108,479500
012330,현대모비스,2026-07-22,109,513000
012330,현대모비스,2026-07-23,110,524000
012330,현대모비스,2026-07-24,111,482000
012330,현대모비스,2026-07-27,112,463500
012330,현대모비스,2026-07-28,113,440000
012330,현대모비스,2026-07-29,114,445000
012330,현대모비스,2026-07-30,115,445000
012330,현대모비스,2026-07-31,116,476000
012330,현대모비스,2026-08-03,117,493500
012330,현대모비스,2026-08-04,118,481500
012330,현대모비스,2026-08-05,119,503000
012330,현대모비스,2026-08-06,120,508000
012330,현대모비스,2026-08-07,121,496500
012330,현대모비스,2026-08-10,122,505000
012330,현대모비스,2026-08-11,123,495500
012330,현대모비스,2026-08-12,124,498500
012330,현대모비스,2026-08-13,125,511000
012330,현대모비스,2026-08-14,126,547000
012450,한화에어로스페이스,2026-02-09,1,1193000
012450,한화에어로스페이스,2026-02-10,2,1146000
012450,한화에어로스페이스,2026-02-11,3,1130000
012450,한화에어로스페이스,2026-02-12,4,1131000
012450,한화에어로스페이스,2026-02-13,5,1105000
012450,한화에어로스페이스,2026-02-19,6,1149000
012450,한화에어로스페이스,2026-02-20,7,1242000
012450,한화에어로스페이스,2026-02-23,8,1236000
012450,한화에어로스페이스,2026-02-24,9,1241000
012450,한화에어로스페이스,2026-02-25,10,1212000
012450,한화에어로스페이스,2026-02-26,11,1194000
012450,한화에어로스페이스,2026-02-27,12,1195000
012450,한화에어로스페이스,2026-03-03,13,1432000
012450,한화에어로스페이스,2026-03-04,14,1323000
012450,한화에어로스페이스,2026-03-05,15,1381000
012450,한화에어로스페이스,2026-03-06,16,1481000
012450,한화에어로스페이스,2026-03-09,17,1434000
012450,한화에어로스페이스,2026-03-10,18,1455000
012450,한화에어로스페이스,2026-03-11,19,1410000
012450,한화에어로스페이스,2026-03-12,20,1465000
012450,한화에어로스페이스,2026-03-13,21,1488000
012450,한화에어로스페이스,2026-03-16,22,1476000
012450,한화에어로스페이스,2026-03-17,23,1396000
012450,한화에어로스페이스,2026-03-18,24,1390000
012450,한화에어로스페이스,2026-03-19,25,1375000
012450,한화에어로스페이스,2026-03-20,26,1320000
012450,한화에어로스페이스,2026-03-23,27,1278000
012450,한화에어로스페이스,2026-03-24,28,1335000
012450,한화에어로스페이스,2026-03-25,29,1400000
012450,한화에어로스페이스,2026-03-26,30,1369000
012450,한화에어로스페이스,2026-03-27,31,1335000
012450,한화에어로스페이스,2026-03-30,32,1308000
012450,한화에어로스페이스,2026-03-31,33,1249000
012450,한화에어로스페이스,2026-04-01,34,1333000
012450,한화에어로스페이스,2026-04-02,35,1417000
012450,한화에어로스페이스,2026-04-03,36,1449000
012450,한화에어로스페이스,2026-04-06,37,1450000
012450,한화에어로스페이스,2026-04-07,38,1537000
012450,한화에어로스페이스,2026-04-08,39,1484000
012450,한화에어로스페이스,2026-04-09,40,1451000
012450,한화에어로스페이스,2026-04-10,41,1507000
012450,한화에어로스페이스,2026-04-13,42,1530000
012450,한화에어로스페이스,2026-04-14,43,1523000
012450,한화에어로스페이스,2026-04-15,44,1509000
012450,한화에어로스페이스,2026-04-16,45,1519000
012450,한화에어로스페이스,2026-04-17,46,1423000
012450,한화에어로스페이스,2026-04-20,47,1425000
012450,한화에어로스페이스,2026-04-21,48,1391000
012450,한화에어로스페이스,2026-04-22,49,1416000
012450,한화에어로스페이스,2026-04-23,50,1425000
012450,한화에어로스페이스,2026-04-24,51,1463000
012450,한화에어로스페이스,2026-04-27,52,1454000
012450,한화에어로스페이스,2026-04-28,53,1395000
012450,한화에어로스페이스,2026-04-29,54,1420000
012450,한화에어로스페이스,2026-04-30,55,1417000
012450,한화에어로스페이스,2026-05-04,56,1465000
012450,한화에어로스페이스,2026-05-06,57,1433000
012450,한화에어로스페이스,2026-05-07,58,1317000
012450,한화에어로스페이스,2026-05-08,59,1307000
012450,한화에어로스페이스,2026-05-11,60,1315000
012450,한화에어로스페이스,2026-05-12,61,1284000
012450,한화에어로스페이스,2026-05-13,62,1286000
012450,한화에어로스페이스,2026-05-14,63,1306000
012450,한화에어로스페이스,2026-05-15,64,1216000
012450,한화에어로스페이스,2026-05-18,65,1227000
012450,한화에어로스페이스,2026-05-19,66,1286000
012450,한화에어로스페이스,2026-05-20,67,1249000
012450,한화에어로스페이스,2026-05-21,68,1248000
012450,한화에어로스페이스,2026-05-22,69,1261000
012450,한화에어로스페이스,2026-05-26,70,1251000
012450,한화에어로스페이스,2026-05-27,71,1244000
012450,한화에어로스페이스,2026-05-28,72,1200000
012450,한화에어로스페이스,2026-05-29,73,1173000
012450,한화에어로스페이스,2026-06-01,74,1138000
012450,한화에어로스페이스,2026-06-02,75,1070000
012450,한화에어로스페이스,2026-06-04,76,1068000
012450,한화에어로스페이스,2026-06-05,77,1049000
012450,한화에어로스페이스,2026-06-08,78,1006000
012450,한화에어로스페이스,2026-06-09,79,1016000
012450,한화에어로스페이스,2026-06-10,80,1031000
012450,한화에어로스페이스,2026-06-11,81,1014000
012450,한화에어로스페이스,2026-06-12,82,1078000
012450,한화에어로스페이스,2026-06-15,83,1084000
012450,한화에어로스페이스,2026-06-16,84,1183000
012450,한화에어로스페이스,2026-06-17,85,1224000
012450,한화에어로스페이스,2026-06-18,86,1189000
012450,한화에어로스페이스,2026-06-19,87,1122000
012450,한화에어로스페이스,2026-06-22,88,1125000
012450,한화에어로스페이스,2026-06-23,89,1073000
012450,한화에어로스페이스,2026-06-24,90,1094000
012450,한화에어로스페이스,2026-06-25,91,1069000
012450,한화에어로스페이스,2026-06-26,92,1011000
012450,한화에어로스페이스,2026-06-29,93,1020000
012450,한화에어로스페이스,2026-06-30,94,995000
012450,한화에어로스페이스,2026-07-01,95,1091000
012450,한화에어로스페이스,2026-07-02,96,1116000
012450,한화에어로스페이스,2026-07-03,97,1175000
012450,한화에어로스페이스,2026-07-06,98,1159000
012450,한화에어로스페이스,2026-07-07,99,1122000
012450,한화에어로스페이스,2026-07-08,100,1041000
012450,한화에어로스페이스,2026-07-09,101,953000
012450,한화에어로스페이스,2026-07-10,102,967000
012450,한화에어로스페이스,2026-07-13,103,936000
012450,한화에어로스페이스,2026-07-14,104,872000
012450,한화에어로스페이스,2026-07-15,105,929000
012450,한화에어로스페이스,2026-07-16,106,943000
012450,한화에어로스페이스,2026-07-20,107,875000
012450,한화에어로스페이스,2026-07-21,108,899000
012450,한화에어로스페이스,2026-07-22,109,891000
012450,한화에어로스페이스,2026-07-23,110,958000
012450,한화에어로스페이스,2026-07-24,111,979000
012450,한화에어로스페이스,2026-07-27,112,899000
012450,한화에어로스페이스,2026-07-28,113,875000
012450,한화에어로스페이스,2026-07-29,114,810000
012450,한화에어로스페이스,2026-07-30,115,865000
012450,한화에어로스페이스,2026-07-31,116,917000
012450,한화에어로스페이스,2026-08-03,117,919000
012450,한화에어로스페이스,2026-08-04,118,1004000
012450,한화에어로스페이스,2026-08-05,119,1007000
012450,한화에어로스페이스,2026-08-06,120,1054000
012450,한화에어로스페이스,2026-08-07,121,1097000
012450,한화에어로스페이스,2026-08-10,122,1152000
012450,한화에어로스페이스,2026-08-11,123,1098000
012450,한화에어로스페이스,2026-08-12,124,1156000
012450,한화에어로스페이스,2026-08-13,125,1185000
012450,한화에어로스페이스,2026-08-14,126,1160000
028260,삼성물산,2026-02-09,1,312500
028260,삼성물산,2026-02-10,2,317000
028260,삼성물산,2026-02-11,3,316500
028260,삼성물산,2026-02-12,4,334000
028260,삼성물산,2026-02-13,5,318000
028260,삼성물산,2026-02-19,6,319500
028260,삼성물산,2026-02-20,7,331000
028260,삼성물산,2026-02-23,8,332000
028260,삼성물산,2026-02-24,9,338000
028260,삼성물산,2026-02-25,10,347000
028260,삼성물산,2026-02-26,11,360000
028260,삼성물산,2026-02-27,12,350500
028260,삼성물산,2026-03-03,13,317000
028260,삼성물산,2026-03-04,14,272000
028260,삼성물산,2026-03-05,15,293000
028260,삼성물산,2026-03-06,16,283500
028260,삼성물산,2026-03-09,17,270500
028260,삼성물산,2026-03-10,18,273000
028260,삼성물산,2026-03-11,19,283500
028260,삼성물산,2026-03-12,20,280500
028260,삼성물산,2026-03-13,21,280500
028260,삼성물산,2026-03-16,22,278500
028260,삼성물산,2026-03-17,23,279500
028260,삼성물산,2026-03-18,24,299000
028260,삼성물산,2026-03-19,25,291000
028260,삼성물산,2026-03-20,26,297500
028260,삼성물산,2026-03-23,27,274500
028260,삼성물산,2026-03-24,28,281500
028260,삼성물산,2026-03-25,29,289000
028260,삼성물산,2026-03-26,30,278000
028260,삼성물산,2026-03-27,31,269000
028260,삼성물산,2026-03-30,32,259500
028260,삼성물산,2026-03-31,33,253500
028260,삼성물산,2026-04-01,34,273000
028260,삼성물산,2026-04-02,35,264000
028260,삼성물산,2026-04-03,36,263000
028260,삼성물산,2026-04-06,37,269500
028260,삼성물산,2026-04-07,38,274000
028260,삼성물산,2026-04-08,39,309000
028260,삼성물산,2026-04-09,40,300000
028260,삼성물산,2026-04-10,41,302500
028260,삼성물산,2026-04-13,42,289500
028260,삼성물산,2026-04-14,43,296000
028260,삼성물산,2026-04-15,44,307500
028260,삼성물산,2026-04-16,45,306000
028260,삼성물산,2026-04-17,46,301500
028260,삼성물산,2026-04-20,47,300000
028260,삼성물산,2026-04-21,48,304000
028260,삼성물산,2026-04-22,49,301000
028260,삼성물산,2026-04-23,50,320000
028260,삼성물산,2026-04-24,51,311500
028260,삼성물산,2026-04-27,52,312000
028260,삼성물산,2026-04-28,53,309500
028260,삼성물산,2026-04-29,54,308500
028260,삼성물산,2026-04-30,55,298500
028260,삼성물산,2026-05-04,56,320000
028260,삼성물산,2026-05-06,57,375500
028260,삼성물산,2026-05-07,58,405000
028260,삼성물산,2026-05-08,59,422500
028260,삼성물산,2026-05-11,60,452000
028260,삼성물산,2026-05-12,61,435000
028260,삼성물산,2026-05-13,62,428500
028260,삼성물산,2026-05-14,63,442000
028260,삼성물산,2026-05-15,64,396500
028260,삼성물산,2026-05-18,65,399500
028260,삼성물산,2026-05-19,66,380500
028260,삼성물산,2026-05-20,67,370500
028260,삼성물산,2026-05-21,68,418500
028260,삼성물산,2026-05-22,69,420500
028260,삼성물산,2026-05-26,70,411000
028260,삼성물산,2026-05-27,71,410500
028260,삼성물산,2026-05-28,72,399500
028260,삼성물산,2026-05-29,73,432500
028260,삼성물산,2026-06-01,74,455000
028260,삼성물산,2026-06-02,75,485500
028260,삼성물산,2026-06-04,76,535000
028260,삼성물산,2026-06-05,77,460500
028260,삼성물산,2026-06-08,78,408500
028260,삼성물산,2026-06-09,79,429000
028260,삼성물산,2026-06-10,80,407500
028260,삼성물산,2026-06-11,81,410000
028260,삼성물산,2026-06-12,82,432000
028260,삼성물산,2026-06-15,83,495000
028260,삼성물산,2026-06-16,84,497000
028260,삼성물산,2026-06-17,85,490000
028260,삼성물산,2026-06-18,86,485500
028260,삼성물산,2026-06-19,87,491500
028260,삼성물산,2026-06-22,88,520000
028260,삼성물산,2026-06-23,89,455000
028260,삼성물산,2026-06-24,90,481500
028260,삼성물산,2026-06-25,91,519000
028260,삼성물산,2026-06-26,92,494500
028260,삼성물산,2026-06-29,93,471000
028260,삼성물산,2026-06-30,94,468500
028260,삼성물산,2026-07-01,95,434000
028260,삼성물산,2026-07-02,96,406500
028260,삼성물산,2026-07-03,97,433500
028260,삼성물산,2026-07-06,98,449500
028260,삼성물산,2026-07-07,99,424500
028260,삼성물산,2026-07-08,100,395000
028260,삼성물산,2026-07-09,101,378500
028260,삼성물산,2026-07-10,102,391500
028260,삼성물산,2026-07-13,103,361000
028260,삼성물산,2026-07-14,104,354000
028260,삼성물산,2026-07-15,105,367000
028260,삼성물산,2026-07-16,106,346000
028260,삼성물산,2026-07-20,107,317500
028260,삼성물산,2026-07-21,108,343500
028260,삼성물산,2026-07-22,109,354000
028260,삼성물산,2026-07-23,110,360000
028260,삼성물산,2026-07-24,111,342000
028260,삼성물산,2026-07-27,112,339500
028260,삼성물산,2026-07-28,113,305000
028260,삼성물산,2026-07-29,114,285500
028260,삼성물산,2026-07-30,115,294000
028260,삼성물산,2026-07-31,116,351500
028260,삼성물산,2026-08-03,117,329000
028260,삼성물산,2026-08-04,118,322500
028260,삼성물산,2026-08-05,119,347500
028260,삼성물산,2026-08-06,120,334000
028260,삼성물산,2026-08-07,121,336500
028260,삼성물산,2026-08-10,122,336000
028260,삼성물산,2026-08-11,123,344500
028260,삼성물산,2026-08-12,124,357500
028260,삼성물산,2026-08-13,125,365000
028260,삼성물산,2026-08-14,126,369000
035420,NAVER,2026-02-09,1,250000
035420,NAVER,2026-02-10,2,254000
035420,NAVER,2026-02-11,3,257500
035420,NAVER,2026-02-12,4,255500
035420,NAVER,2026-02-13,5,252500
035420,NAVER,2026-02-19,6,253000
035420,NAVER,2026-02-20,7,254500
035420,NAVER,2026-02-23,8,255500
035420,NAVER,2026-02-24,9,255000
035420,NAVER,2026-02-25,10,253000
035420,NAVER,2026-02-26,11,260500
035420,NAVER,2026-02-27,12,254500
035420,NAVER,2026-03-03,13,236000
035420,NAVER,2026-03-04,14,208000
035420,NAVER,2026-03-05,15,220000
035420,NAVER,2026-03-06,16,222500
035420,NAVER,2026-03-09,17,218500
035420,NAVER,2026-03-10,18,220500
035420,NAVER,2026-03-11,19,222000
035420,NAVER,2026-03-12,20,222000
035420,NAVER,2026-03-13,21,223000
035420,NAVER,2026-03-16,22,218000
035420,NAVER,2026-03-17,23,224000
035420,NAVER,2026-03-18,24,226500
035420,NAVER,2026-03-19,25,220500
035420,NAVER,2026-03-20,26,221500
035420,NAVER,2026-03-23,27,209000
035420,NAVER,2026-03-24,28,213500
035420,NAVER,2026-03-25,29,215500
035420,NAVER,2026-03-26,30,211500
035420,NAVER,2026-03-27,31,212500
035420,NAVER,2026-03-30,32,207000
035420,NAVER,2026-03-31,33,201500
035420,NAVER,2026-04-01,34,210000
035420,NAVER,2026-04-02,35,195800
035420,NAVER,2026-04-03,36,197500
035420,NAVER,2026-04-06,37,196800
035420,NAVER,2026-04-07,38,195900
035420,NAVER,2026-04-08,39,201500
035420,NAVER,2026-04-09,40,201500
035420,NAVER,2026-04-10,41,202000
035420,NAVER,2026-04-13,42,199000
035420,NAVER,2026-04-14,43,201500
035420,NAVER,2026-04-15,44,211000
035420,NAVER,2026-04-16,45,218500
035420,NAVER,2026-04-17,46,216500
035420,NAVER,2026-04-20,47,213500
035420,NAVER,2026-04-21,48,214000
035420,NAVER,2026-04-22,49,214000
035420,NAVER,2026-04-23,50,217500
035420,NAVER,2026-04-24,51,214000
035420,NAVER,2026-04-27,52,215000
035420,NAVER,2026-04-28,53,219500
035420,NAVER,2026-04-29,54,220000
035420,NAVER,2026-04-30,55,211000
035420,NAVER,2026-05-04,56,209000
035420,NAVER,2026-05-06,57,208000
035420,NAVER,2026-05-07,58,207500
035420,NAVER,2026-05-08,59,215000
035420,NAVER,2026-05-11,60,211500
035420,NAVER,2026-05-12,61,204000
035420,NAVER,2026-05-13,62,201500
035420,NAVER,2026-05-14,63,213000
035420,NAVER,2026-05-15,64,203500
035420,NAVER,2026-05-18,65,200000
035420,NAVER,2026-05-19,66,198100
035420,NAVER,2026-05-20,67,191500
035420,NAVER,2026-05-21,68,199500
035420,NAVER,2026-05-22,69,203000
035420,NAVER,2026-05-26,70,200000
035420,NAVER,2026-05-27,71,198800
035420,NAVER,2026-05-28,72,205000
035420,NAVER,2026-05-29,73,234000
035420,NAVER,2026-06-01,74,271500
035420,NAVER,2026-06-02,75,280500
035420,NAVER,2026-06-04,76,267500
035420,NAVER,2026-06-05,77,255500
035420,NAVER,2026-06-08,78,279000
035420,NAVER,2026-06-09,79,257000
035420,NAVER,2026-06-10,80,227000
035420,NAVER,2026-06-11,81,224000
035420,NAVER,2026-06-12,82,247000
035420,NAVER,2026-06-15,83,248000
035420,NAVER,2026-06-16,84,242000
035420,NAVER,2026-06-17,85,243500
035420,NAVER,2026-06-18,86,235000
035420,NAVER,2026-06-19,87,229500
035420,NAVER,2026-06-22,88,222000
035420,NAVER,2026-06-23,89,202500
035420,NAVER,2026-06-24,90,199400
035420,NAVER,2026-06-25,91,199700
035420,NAVER,2026-06-26,92,196400
035420,NAVER,2026-06-29,93,204000
035420,NAVER,2026-06-30,94,199000
035420,NAVER,2026-07-01,95,197400
035420,NAVER,2026-07-02,96,199900
035420,NAVER,2026-07-03,97,195800
035420,NAVER,2026-07-06,98,196600
035420,NAVER,2026-07-07,99,197200
035420,NAVER,2026-07-08,100,192700
035420,NAVER,2026-07-09,101,184400
035420,NAVER,2026-07-10,102,191300
035420,NAVER,2026-07-13,103,188000
035420,NAVER,2026-07-14,104,183200
035420,NAVER,2026-07-15,105,189600
035420,NAVER,2026-07-16,106,190000
035420,NAVER,2026-07-20,107,185900
035420,NAVER,2026-07-21,108,193000
035420,NAVER,2026-07-22,109,196900
035420,NAVER,2026-07-23,110,220000
035420,NAVER,2026-07-24,111,207500
035420,NAVER,2026-07-27,112,225000
035420,NAVER,2026-07-28,113,210000
035420,NAVER,2026-07-29,114,201500
035420,NAVER,2026-07-30,115,194700
035420,NAVER,2026-07-31,116,208000
035420,NAVER,2026-08-03,117,207500
035420,NAVER,2026-08-04,118,226500
035420,NAVER,2026-08-05,119,229000
035420,NAVER,2026-08-06,120,226000
035420,NAVER,2026-08-07,121,210000
035420,NAVER,2026-08-10,122,211500
035420,NAVER,2026-08-11,123,214000
035420,NAVER,2026-08-12,124,215500
035420,NAVER,2026-08-13,125,226500
035420,NAVER,2026-08-14,126,228000
035720,카카오,2026-02-09,1,57500
035720,카카오,2026-02-10,2,58300
035720,카카오,2026-02-11,3,58900
035720,카카오,2026-02-12,4,58800
035720,카카오,2026-02-13,5,57400
035720,카카오,2026-02-19,6,57600
035720,카카오,2026-02-20,7,57900
035720,카카오,2026-02-23,8,58100
035720,카카오,2026-02-24,9,57900
035720,카카오,2026-02-25,10,57400
035720,카카오,2026-02-26,11,61400
035720,카카오,2026-02-27,12,62300
035720,카카오,2026-03-03,13,56200
035720,카카오,2026-03-04,14,47050
035720,카카오,2026-03-05,15,51200
035720,카카오,2026-03-06,16,53600
035720,카카오,2026-03-09,17,50400
035720,카카오,2026-03-10,18,51800
035720,카카오,2026-03-11,19,50900
035720,카카오,2026-03-12,20,50400
035720,카카오,2026-03-13,21,50600
035720,카카오,2026-03-16,22,50200
035720,카카오,2026-03-17,23,51300
035720,카카오,2026-03-18,24,51500
035720,카카오,2026-03-19,25,50000
035720,카카오,2026-03-20,26,50000
035720,카카오,2026-03-23,27,46900
035720,카카오,2026-03-24,28,48200
035720,카카오,2026-03-25,29,49050
035720,카카오,2026-03-26,30,48650
035720,카카오,2026-03-27,31,48800
035720,카카오,2026-03-30,32,47100
035720,카카오,2026-03-31,33,45800
035720,카카오,2026-04-01,34,48250
035720,카카오,2026-04-02,35,45400
035720,카카오,2026-04-03,36,45200
035720,카카오,2026-04-06,37,44850
035720,카카오,2026-04-07,38,46400
035720,카카오,2026-04-08,39,47850
035720,카카오,2026-04-09,40,47300
035720,카카오,2026-04-10,41,47700
035720,카카오,2026-04-13,42,47000
035720,카카오,2026-04-14,43,48100
035720,카카오,2026-04-15,44,49600
035720,카카오,2026-04-16,45,50600
035720,카카오,2026-04-17,46,50000
035720,카카오,2026-04-20,47,48850
035720,카카오,2026-04-21,48,48950
035720,카카오,2026-04-22,49,48450
035720,카카오,2026-04-23,50,48400
035720,카카오,2026-04-24,51,48050
035720,카카오,2026-04-27,52,48450
035720,카카오,2026-04-28,53,48850
035720,카카오,2026-04-29,54,48400
035720,카카오,2026-04-30,55,47300
035720,카카오,2026-05-04,56,47100
035720,카카오,2026-05-06,57,46300
035720,카카오,2026-05-07,58,45250
035720,카카오,2026-05-08,59,46000
035720,카카오,2026-05-11,60,44700
035720,카카오,2026-05-12,61,43550
035720,카카오,2026-05-13,62,42950
035720,카카오,2026-05-14,63,45950
035720,카카오,2026-05-15,64,44000
035720,카카오,2026-05-18,65,42450
035720,카카오,2026-05-19,66,41600
035720,카카오,2026-05-20,67,40150
035720,카카오,2026-05-21,68,41800
035720,카카오,2026-05-22,69,41850
035720,카카오,2026-05-26,70,41450
035720,카카오,2026-05-27,71,40500
035720,카카오,2026-05-28,72,40100
035720,카카오,2026-05-29,73,41950
035720,카카오,2026-06-01,74,42700
035720,카카오,2026-06-02,75,42550
035720,카카오,2026-06-04,76,42000
035720,카카오,2026-06-05,77,40250
035720,카카오,2026-06-08,78,38600
035720,카카오,2026-06-09,79,39500
035720,카카오,2026-06-10,80,38150
035720,카카오,2026-06-11,81,39300
035720,카카오,2026-06-12,82,41500
035720,카카오,2026-06-15,83,40750
035720,카카오,2026-06-16,84,40450
035720,카카오,2026-06-17,85,40550
035720,카카오,2026-06-18,86,39300
035720,카카오,2026-06-19,87,37750
035720,카카오,2026-06-22,88,36800
035720,카카오,2026-06-23,89,34250
035720,카카오,2026-06-24,90,34000
035720,카카오,2026-06-25,91,34250
035720,카카오,2026-06-26,92,33150
035720,카카오,2026-06-29,93,35850
035720,카카오,2026-06-30,94,34550
035720,카카오,2026-07-01,95,34800
035720,카카오,2026-07-02,96,35250
035720,카카오,2026-07-03,97,35500
035720,카카오,2026-07-06,98,35600
035720,카카오,2026-07-07,99,35400
035720,카카오,2026-07-08,100,34650
035720,카카오,2026-07-09,101,33650
035720,카카오,2026-07-10,102,35350
035720,카카오,2026-07-13,103,34750
035720,카카오,2026-07-14,104,33850
035720,카카오,2026-07-15,105,34900
035720,카카오,2026-07-16,106,35900
035720,카카오,2026-07-20,107,35050
035720,카카오,2026-07-21,108,35300
035720,카카오,2026-07-22,109,35500
035720,카카오,2026-07-23,110,37150
035720,카카오,2026-07-24,111,36200
035720,카카오,2026-07-27,112,37050
035720,카카오,2026-07-28,113,35650
035720,카카오,2026-07-29,114,35300
035720,카카오,2026-07-30,115,36150
035720,카카오,2026-07-31,116,37400
035720,카카오,2026-08-03,117,37200
035720,카카오,2026-08-04,118,37900
035720,카카오,2026-08-05,119,38150
035720,카카오,2026-08-06,120,38300
035720,카카오,2026-08-07,121,39900
035720,카카오,2026-08-10,122,39550
035720,카카오,2026-08-11,123,40700
035720,카카오,2026-08-12,124,39550
035720,카카오,2026-08-13,125,40100
035720,카카오,2026-08-14,126,40000
051910,LG화학,2026-02-09,1,310500
051910,LG화학,2026-02-10,2,321000
051910,LG화학,2026-02-11,3,322500
051910,LG화학,2026-02-12,4,336500
051910,LG화학,2026-02-13,5,324500
051910,LG화학,2026-02-19,6,334500
051910,LG화학,2026-02-20,7,337000
051910,LG화학,2026-02-23,8,332500
051910,LG화학,2026-02-24,9,350500
051910,LG화학,2026-02-25,10,387500
051910,LG화학,2026-02-26,11,390000
051910,LG화학,2026-02-27,12,417500
051910,LG화학,2026-03-03,13,361000
051910,LG화학,2026-03-04,14,307000
051910,LG화학,2026-03-05,15,324500
051910,LG화학,2026-03-06,16,326500
051910,LG화학,2026-03-09,17,300000
051910,LG화학,2026-03-10,18,311000
051910,LG화학,2026-03-11,19,315500
051910,LG화학,2026-03-12,20,306000
051910,LG화학,2026-03-13,21,297500
051910,LG화학,2026-03-16,22,292000
051910,LG화학,2026-03-17,23,307500
051910,LG화학,2026-03-18,24,320000
051910,LG화학,2026-03-19,25,303500
051910,LG화학,2026-03-20,26,310000
051910,LG화학,2026-03-23,27,290000
051910,LG화학,2026-03-24,28,314000
051910,LG화학,2026-03-25,29,318000
051910,LG화학,2026-03-26,30,314000
051910,LG화학,2026-03-27,31,313000
051910,LG화학,2026-03-30,32,322000
051910,LG화학,2026-03-31,33,299000
051910,LG화학,2026-04-01,34,312500
051910,LG화학,2026-04-02,35,302000
051910,LG화학,2026-04-03,36,304500
051910,LG화학,2026-04-06,37,317000
051910,LG화학,2026-04-07,38,323500
051910,LG화학,2026-04-08,39,344500
051910,LG화학,2026-04-09,40,355000
051910,LG화학,2026-04-10,41,356000
051910,LG화학,2026-04-13,42,340000
051910,LG화학,2026-04-14,43,341500
051910,LG화학,2026-04-15,44,354000
051910,LG화학,2026-04-16,45,357500
051910,LG화학,2026-04-17,46,360000
051910,LG화학,2026-04-20,47,365500
051910,LG화학,2026-04-21,48,389500
051910,LG화학,2026-04-22,49,392000
051910,LG화학,2026-04-23,50,391500
051910,LG화학,2026-04-24,51,391500
051910,LG화학,2026-04-27,52,379500
051910,LG화학,2026-04-28,53,394000
051910,LG화학,2026-04-29,54,407500
051910,LG화학,2026-04-30,55,397000
051910,LG화학,2026-05-04,56,429000
051910,LG화학,2026-05-06,57,423500
051910,LG화학,2026-05-07,58,425000
051910,LG화학,2026-05-08,59,429500
051910,LG화학,2026-05-11,60,423500
051910,LG화학,2026-05-12,61,388500
051910,LG화학,2026-05-13,62,387500
051910,LG화학,2026-05-14,63,392500
051910,LG화학,2026-05-15,64,374000
051910,LG화학,2026-05-18,65,373000
051910,LG화학,2026-05-19,66,350500
051910,LG화학,2026-05-20,67,332000
051910,LG화학,2026-05-21,68,348000
051910,LG화학,2026-05-22,69,351000
051910,LG화학,2026-05-26,70,351000
051910,LG화학,2026-05-27,71,331000
051910,LG화학,2026-05-28,72,344500
051910,LG화학,2026-05-29,73,367000
051910,LG화학,2026-06-01,74,363500
051910,LG화학,2026-06-02,75,355000
051910,LG화학,2026-06-04,76,352000
051910,LG화학,2026-06-05,77,349000
051910,LG화학,2026-06-08,78,321000
051910,LG화학,2026-06-09,79,329000
051910,LG화학,2026-06-10,80,323000
051910,LG화학,2026-06-11,81,316500
051910,LG화학,2026-06-12,82,345000
051910,LG화학,2026-06-15,83,360500
051910,LG화학,2026-06-16,84,367500
051910,LG화학,2026-06-17,85,361000
051910,LG화학,2026-06-18,86,342500
051910,LG화학,2026-06-19,87,338000
051910,LG화학,2026-06-22,88,323000
051910,LG화학,2026-06-23,89,291500
051910,LG화학,2026-06-24,90,297500
051910,LG화학,2026-06-25,91,285500
051910,LG화학,2026-06-26,92,271000
051910,LG화학,2026-06-29,93,308000
051910,LG화학,2026-06-30,94,280000
051910,LG화학,2026-07-01,95,280000
051910,LG화학,2026-07-02,96,281500
051910,LG화학,2026-07-03,97,281500
051910,LG화학,2026-07-06,98,276500
051910,LG화학,2026-07-07,99,265500
051910,LG화학,2026-07-08,100,255000
051910,LG화학,2026-07-09,101,251500
051910,LG화학,2026-07-10,102,264000
051910,LG화학,2026-07-13,103,260500
051910,LG화학,2026-07-14,104,255000
051910,LG화학,2026-07-15,105,264500
051910,LG화학,2026-07-16,106,260500
051910,LG화학,2026-07-20,107,253000
051910,LG화학,2026-07-21,108,250500
051910,LG화학,2026-07-22,109,252000
051910,LG화학,2026-07-23,110,271500
051910,LG화학,2026-07-24,111,259000
051910,LG화학,2026-07-27,112,260000
051910,LG화학,2026-07-28,113,240500
051910,LG화학,2026-07-29,114,232500
051910,LG화학,2026-07-30,115,245500
051910,LG화학,2026-07-31,116,258000
051910,LG화학,2026-08-03,117,247000
051910,LG화학,2026-08-04,118,256500
051910,LG화학,2026-08-05,119,255500
051910,LG화학,2026-08-06,120,261000
051910,LG화학,2026-08-07,121,276000
051910,LG화학,2026-08-10,122,278000
051910,LG화학,2026-08-11,123,274000
051910,LG화학,2026-08-12,124,275500
051910,LG화학,2026-08-13,125,275500
051910,LG화학,2026-08-14,126,280500
055550,신한지주,2026-02-09,1,93400
055550,신한지주,2026-02-10,2,97900
055550,신한지주,2026-02-11,3,100900
055550,신한지주,2026-02-12,4,106000
055550,신한지주,2026-02-13,5,102500
055550,신한지주,2026-02-19,6,100300
055550,신한지주,2026-02-20,7,102000
055550,신한지주,2026-02-23,8,101800
055550,신한지주,2026-02-24,9,100900
055550,신한지주,2026-02-25,10,99500
055550,신한지주,2026-02-26,11,99900
055550,신한지주,2026-02-27,12,96900
055550,신한지주,2026-03-03,13,96700
055550,신한지주,2026-03-04,14,88800
055550,신한지주,2026-03-05,15,92900
055550,신한지주,2026-03-06,16,91800
055550,신한지주,2026-03-09,17,88500
055550,신한지주,2026-03-10,18,89200
055550,신한지주,2026-03-11,19,91100
055550,신한지주,2026-03-12,20,91900
055550,신한지주,2026-03-13,21,90800
055550,신한지주,2026-03-16,22,90000
055550,신한지주,2026-03-17,23,91200
055550,신한지주,2026-03-18,24,95000
055550,신한지주,2026-03-19,25,96500
055550,신한지주,2026-03-20,26,97900
055550,신한지주,2026-03-23,27,89900
055550,신한지주,2026-03-24,28,90000
055550,신한지주,2026-03-25,29,92100
055550,신한지주,2026-03-26,30,93400
055550,신한지주,2026-03-27,31,93500
055550,신한지주,2026-03-30,32,90500
055550,신한지주,2026-03-31,33,87700
055550,신한지주,2026-04-01,34,93300
055550,신한지주,2026-04-02,35,91700
055550,신한지주,2026-04-03,36,91800
055550,신한지주,2026-04-06,37,92900
055550,신한지주,2026-04-07,38,91400
055550,신한지주,2026-04-08,39,96700
055550,신한지주,2026-04-09,40,96600
055550,신한지주,2026-04-10,41,98700
055550,신한지주,2026-04-13,42,98300
055550,신한지주,2026-04-14,43,98300
055550,신한지주,2026-04-15,44,99800
055550,신한지주,2026-04-16,45,99900
055550,신한지주,2026-04-17,46,99600
055550,신한지주,2026-04-20,47,100000
055550,신한지주,2026-04-21,48,99800
055550,신한지주,2026-04-22,49,98600
055550,신한지주,2026-04-23,50,99900
055550,신한지주,2026-04-24,51,100000
055550,신한지주,2026-04-27,52,99700
055550,신한지주,2026-04-28,53,99900
055550,신한지주,2026-04-29,54,100000
055550,신한지주,2026-04-30,55,99900
055550,신한지주,2026-05-04,56,98000
055550,신한지주,2026-05-06,57,97300
055550,신한지주,2026-05-07,58,98900
055550,신한지주,2026-05-08,59,98000
055550,신한지주,2026-05-11,60,97200
055550,신한지주,2026-05-12,61,96700
055550,신한지주,2026-05-13,62,95200
055550,신한지주,2026-05-14,63,96800
055550,신한지주,2026-05-15,64,95100
055550,신한지주,2026-05-18,65,93100
055550,신한지주,2026-05-19,66,93900
055550,신한지주,2026-05-20,67,94000
055550,신한지주,2026-05-21,68,94800
055550,신한지주,2026-05-22,69,98200
055550,신한지주,2026-05-26,70,96000
055550,신한지주,2026-05-27,71,95000
055550,신한지주,2026-05-28,72,92800
055550,신한지주,2026-05-29,73,93600
055550,신한지주,2026-06-01,74,92600
055550,신한지주,2026-06-02,75,96400
055550,신한지주,2026-06-04,76,100100
055550,신한지주,2026-06-05,77,107500
055550,신한지주,2026-06-08,78,97100
055550,신한지주,2026-06-09,79,101200
055550,신한지주,2026-06-10,80,98200
055550,신한지주,2026-06-11,81,96900
055550,신한지주,2026-06-12,82,99600
055550,신한지주,2026-06-15,83,105600
055550,신한지주,2026-06-16,84,106700
055550,신한지주,2026-06-17,85,103100
055550,신한지주,2026-06-18,86,100800
055550,신한지주,2026-06-19,87,100900
055550,신한지주,2026-06-22,88,97500
055550,신한지주,2026-06-23,89,97700
055550,신한지주,2026-06-24,90,95700
055550,신한지주,2026-06-25,91,94500
055550,신한지주,2026-06-26,92,91600
055550,신한지주,2026-06-29,93,96400
055550,신한지주,2026-06-30,94,95800
055550,신한지주,2026-07-01,95,96400
055550,신한지주,2026-07-02,96,102200
055550,신한지주,2026-07-03,97,107300
055550,신한지주,2026-07-06,98,107700
055550,신한지주,2026-07-07,99,108600
055550,신한지주,2026-07-08,100,107300
055550,신한지주,2026-07-09,101,105000
055550,신한지주,2026-07-10,102,109200
055550,신한지주,2026-07-13,103,108600
055550,신한지주,2026-07-14,104,106500
055550,신한지주,2026-07-15,105,107300
055550,신한지주,2026-07-16,106,107900
055550,신한지주,2026-07-20,107,101800
055550,신한지주,2026-07-21,108,104700
055550,신한지주,2026-07-22,109,104500
055550,신한지주,2026-07-23,110,103800
055550,신한지주,2026-07-24,111,104400
055550,신한지주,2026-07-27,112,105000
055550,신한지주,2026-07-28,113,100900
055550,신한지주,2026-07-29,114,98300
055550,신한지주,2026-07-30,115,100800
055550,신한지주,2026-07-31,116,100700
055550,신한지주,2026-08-03,117,102700
055550,신한지주,2026-08-04,118,102300
055550,신한지주,2026-08-05,119,103600
055550,신한지주,2026-08-06,120,107400
055550,신한지주,2026-08-07,121,110000
055550,신한지주,2026-08-10,122,106400
055550,신한지주,2026-08-11,123,104500
055550,신한지주,2026-08-12,124,103800
055550,신한지주,2026-08-13,125,106600
055550,신한지주,2026-08-14,126,107400
068270,셀트리온,2026-02-09,1,219228
068270,셀트리온,2026-02-10,2,216845
068270,셀트리온,2026-02-11,3,228283
068270,셀트리온,2026-02-12,4,227330
068270,셀트리온,2026-02-13,5,226853
068270,셀트리온,2026-02-19,6,233049
068270,셀트리온,2026-02-20,7,230666
068270,셀트리온,2026-02-23,8,231619
068270,셀트리온,2026-02-24,9,236861
068270,셀트리온,2026-02-25,10,233049
068270,셀트리온,2026-02-26,11,230666
068270,셀트리온,2026-02-27,12,227330
068270,셀트리온,2026-03-03,13,214462
068270,셀트리온,2026-03-04,14,188155
068270,셀트리온,2026-03-05,15,201594
068270,셀트리온,2026-03-06,16,202547
068270,셀트리온,2026-03-09,17,194445
068270,셀트리온,2026-03-10,18,196352
068270,셀트리온,2026-03-11,19,199211
068270,셀트리온,2026-03-12,20,196352
068270,셀트리온,2026-03-13,21,195875
068270,셀트리온,2026-03-16,22,190633
068270,셀트리온,2026-03-17,23,196352
068270,셀트리온,2026-03-18,24,199688
068270,셀트리온,2026-03-19,25,192539
068270,셀트리온,2026-03-20,26,192539
068270,셀트리온,2026-03-23,27,179481
068270,셀트리온,2026-03-24,28,190252
068270,셀트리온,2026-03-25,29,193969
068270,셀트리온,2026-03-26,30,193492
068270,셀트리온,2026-03-27,31,196352
068270,셀트리온,2026-03-30,32,192063
068270,셀트리온,2026-03-31,33,187964
068270,셀트리온,2026-04-01,34,196352
068270,셀트리온,2026-04-02,35,187487
068270,셀트리온,2026-04-03,36,186153
068270,셀트리온,2026-04-06,37,186630
068270,셀트리온,2026-04-07,38,184628
068270,셀트리온,2026-04-08,39,192539
068270,셀트리온,2026-04-09,40,192063
068270,셀트리온,2026-04-10,41,190347
068270,셀트리온,2026-04-13,42,186058
068270,셀트리온,2026-04-14,43,189775
068270,셀트리온,2026-04-15,44,192539
068270,셀트리온,2026-04-16,45,199211
068270,셀트리온,2026-04-17,46,197782
068270,셀트리온,2026-04-20,47,195875
068270,셀트리온,2026-04-21,48,193492
068270,셀트리온,2026-04-22,49,194445
068270,셀트리온,2026-04-23,50,196352
068270,셀트리온,2026-04-24,51,199211
068270,셀트리온,2026-04-27,52,194445
068270,셀트리온,2026-04-28,53,197305
068270,셀트리온,2026-04-29,54,194445
068270,셀트리온,2026-04-30,55,191109
068270,셀트리온,2026-05-04,56,188536
068270,셀트리온,2026-05-06,57,185581
068270,셀트리온,2026-05-07,58,193016
068270,셀트리온,2026-05-08,59,189108
068270,셀트리온,2026-05-11,60,182340
068270,셀트리온,2026-05-12,61,184247
068270,셀트리온,2026-05-13,62,181578
068270,셀트리온,2026-05-14,63,185962
068270,셀트리온,2026-05-15,64,179957
068270,셀트리온,2026-05-18,65,174620
068270,셀트리온,2026-05-19,66,173952
068270,셀트리온,2026-05-20,67,170998
068270,셀트리온,2026-05-21,68,180720
068270,셀트리온,2026-05-22,69,189394
068270,셀트리온,2026-05-26,70,185867
068270,셀트리온,2026-05-27,71,185390
068270,셀트리온,2026-05-28,72,181101
068270,셀트리온,2026-05-29,73,183865
068270,셀트리온,2026-06-01,74,182722
068270,셀트리온,2026-06-02,75,179100
068270,셀트리온,2026-06-04,76,176500
068270,셀트리온,2026-06-05,77,171400
068270,셀트리온,2026-06-08,78,159400
068270,셀트리온,2026-06-09,79,170000
068270,셀트리온,2026-06-10,80,167300
068270,셀트리온,2026-06-11,81,166200
068270,셀트리온,2026-06-12,82,173000
068270,셀트리온,2026-06-15,83,175000
068270,셀트리온,2026-06-16,84,174500
068270,셀트리온,2026-06-17,85,174600
068270,셀트리온,2026-06-18,86,173600
068270,셀트리온,2026-06-19,87,170300
068270,셀트리온,2026-06-22,88,168500
068270,셀트리온,2026-06-23,89,160500
068270,셀트리온,2026-06-24,90,172700
068270,셀트리온,2026-06-25,91,173100
068270,셀트리온,2026-06-26,92,165900
068270,셀트리온,2026-06-29,93,179200
068270,셀트리온,2026-06-30,94,173300
068270,셀트리온,2026-07-01,95,174500
068270,셀트리온,2026-07-02,96,176600
068270,셀트리온,2026-07-03,97,183600
068270,셀트리온,2026-07-06,98,175900
068270,셀트리온,2026-07-07,99,178200
068270,셀트리온,2026-07-08,100,176800
068270,셀트리온,2026-07-09,101,173100
068270,셀트리온,2026-07-10,102,175200
068270,셀트리온,2026-07-13,103,175100
068270,셀트리온,2026-07-14,104,172800
068270,셀트리온,2026-07-15,105,175700
068270,셀트리온,2026-07-16,106,175800
068270,셀트리온,2026-07-20,107,172600
068270,셀트리온,2026-07-21,108,171600
068270,셀트리온,2026-07-22,109,170100
068270,셀트리온,2026-07-23,110,172200
068270,셀트리온,2026-07-24,111,177600
068270,셀트리온,2026-07-27,112,178700
068270,셀트리온,2026-07-28,113,177400
068270,셀트리온,2026-07-29,114,180000
068270,셀트리온,2026-07-30,115,190000
068270,셀트리온,2026-07-31,116,186700
068270,셀트리온,2026-08-03,117,182200
068270,셀트리온,2026-08-04,118,185800
068270,셀트리온,2026-08-05,119,190300
068270,셀트리온,2026-08-06,120,195000
068270,셀트리온,2026-08-07,121,199300
068270,셀트리온,2026-08-10,122,201000
068270,셀트리온,2026-08-11,123,210500
068270,셀트리온,2026-08-12,124,202000
068270,셀트리온,2026-08-13,125,202000
068270,셀트리온,2026-08-14,126,201000
086520,에코프로,2026-02-09,1,159300
086520,에코프로,2026-02-10,2,156000
086520,에코프로,2026-02-11,3,152500
086520,에코프로,2026-02-12,4,155500
086520,에코프로,2026-02-13,5,150400
086520,에코프로,2026-02-19,6,172300
086520,에코프로,2026-02-20,7,171300
086520,에코프로,2026-02-23,8,169300
086520,에코프로,2026-02-24,9,169900
086520,에코프로,2026-02-25,10,175200
086520,에코프로,2026-02-26,11,184200
086520,에코프로,2026-02-27,12,185000
086520,에코프로,2026-03-03,13,164000
086520,에코프로,2026-03-04,14,133800
086520,에코프로,2026-03-05,15,160800
086520,에코프로,2026-03-06,16,170000
086520,에코프로,2026-03-09,17,163800
086520,에코프로,2026-03-10,18,164500
086520,에코프로,2026-03-11,19,161600
086520,에코프로,2026-03-12,20,158000
086520,에코프로,2026-03-13,21,150500
086520,에코프로,2026-03-16,22,145900
086520,에코프로,2026-03-17,23,149300
086520,에코프로,2026-03-18,24,154000
086520,에코프로,2026-03-19,25,151100
086520,에코프로,2026-03-20,26,150900
086520,에코프로,2026-03-23,27,139600
086520,에코프로,2026-03-24,28,149000
086520,에코프로,2026-03-25,29,151300
086520,에코프로,2026-03-26,30,146000
086520,에코프로,2026-03-27,31,149000
086520,에코프로,2026-03-30,32,146700
086520,에코프로,2026-03-31,33,139500
086520,에코프로,2026-04-01,34,149100
086520,에코프로,2026-04-02,35,142400
086520,에코프로,2026-04-03,36,141500
086520,에코프로,2026-04-06,37,143000
086520,에코프로,2026-04-07,38,144800
086520,에코프로,2026-04-08,39,153100
086520,에코프로,2026-04-09,40,148900
086520,에코프로,2026-04-10,41,146400
086520,에코프로,2026-04-13,42,143700
086520,에코프로,2026-04-14,43,144200
086520,에코프로,2026-04-15,44,147900
086520,에코프로,2026-04-16,45,149200
086520,에코프로,2026-04-17,46,151900
086520,에코프로,2026-04-20,47,155600
086520,에코프로,2026-04-21,48,163700
086520,에코프로,2026-04-22,49,164300
086520,에코프로,2026-04-23,50,157200
086520,에코프로,2026-04-24,51,156600
086520,에코프로,2026-04-27,52,156400
086520,에코프로,2026-04-28,53,161500
086520,에코프로,2026-04-29,54,159900
086520,에코프로,2026-04-30,55,152900
086520,에코프로,2026-05-04,56,155800
086520,에코프로,2026-05-06,57,162800
086520,에코프로,2026-05-07,58,159700
086520,에코프로,2026-05-08,59,155000
086520,에코프로,2026-05-11,60,146400
086520,에코프로,2026-05-12,61,139700
086520,에코프로,2026-05-13,62,135000
086520,에코프로,2026-05-14,63,142300
086520,에코프로,2026-05-15,64,129200
086520,에코프로,2026-05-18,65,126800
086520,에코프로,2026-05-19,66,121600
086520,에코프로,2026-05-20,67,118700
086520,에코프로,2026-05-21,68,129800
086520,에코프로,2026-05-22,69,146500
086520,에코프로,2026-05-26,70,147000
086520,에코프로,2026-05-27,71,142900
086520,에코프로,2026-05-28,72,144700
086520,에코프로,2026-05-29,73,139000
086520,에코프로,2026-06-01,74,130400
086520,에코프로,2026-06-02,75,127600
086520,에코프로,2026-06-04,76,128800
086520,에코프로,2026-06-05,77,118500
086520,에코프로,2026-06-08,78,105200
086520,에코프로,2026-06-09,79,107400
086520,에코프로,2026-06-10,80,105900
086520,에코프로,2026-06-11,81,108800
086520,에코프로,2026-06-12,82,115700
086520,에코프로,2026-06-15,83,124000
086520,에코프로,2026-06-16,84,122600
086520,에코프로,2026-06-17,85,122800
086520,에코프로,2026-06-18,86,117500
086520,에코프로,2026-06-19,87,116000
086520,에코프로,2026-06-22,88,114500
086520,에코프로,2026-06-23,89,103000
086520,에코프로,2026-06-24,90,107700
086520,에코프로,2026-06-25,91,102000
086520,에코프로,2026-06-26,92,95400
086520,에코프로,2026-06-29,93,118000
086520,에코프로,2026-06-30,94,106600
086520,에코프로,2026-07-01,95,93000
086520,에코프로,2026-07-02,96,86900
086520,에코프로,2026-07-03,97,87300
086520,에코프로,2026-07-06,98,85500
086520,에코프로,2026-07-07,99,84400
086520,에코프로,2026-07-08,100,78000
086520,에코프로,2026-07-09,101,79400
086520,에코프로,2026-07-10,102,85800
086520,에코프로,2026-07-13,103,83600
086520,에코프로,2026-07-14,104,79100
086520,에코프로,2026-07-15,105,86400
086520,에코프로,2026-07-16,106,80000
086520,에코프로,2026-07-20,107,73500
086520,에코프로,2026-07-21,108,75200
086520,에코프로,2026-07-22,109,77100
086520,에코프로,2026-07-23,110,84300
086520,에코프로,2026-07-24,111,78100
086520,에코프로,2026-07-27,112,80600
086520,에코프로,2026-07-28,113,72700
086520,에코프로,2026-07-29,114,67400
086520,에코프로,2026-07-30,115,70600
086520,에코프로,2026-07-31,116,79100
086520,에코프로,2026-08-03,117,77400
086520,에코프로,2026-08-04,118,82000
086520,에코프로,2026-08-05,119,82300
086520,에코프로,2026-08-06,120,83600
086520,에코프로,2026-08-07,121,86000
086520,에코프로,2026-08-10,122,93500
086520,에코프로,2026-08-11,123,90300
086520,에코프로,2026-08-12,124,91300
086520,에코프로,2026-08-13,125,92100
086520,에코프로,2026-08-14,126,93600
105560,KB금융,2026-02-09,1,151400
105560,KB금융,2026-02-10,2,155500
105560,KB금융,2026-02-11,3,164500
105560,KB금융,2026-02-12,4,168500
105560,KB금융,2026-02-13,5,167900
105560,KB금융,2026-02-19,6,166500
105560,KB금융,2026-02-20,7,168800
105560,KB금융,2026-02-23,8,168700
105560,KB금융,2026-02-24,9,166700
105560,KB금융,2026-02-25,10,167700
105560,KB금융,2026-02-26,11,165300
105560,KB금융,2026-02-27,12,159000
105560,KB금융,2026-03-03,13,153500
105560,KB금융,2026-03-04,14,137700
105560,KB금융,2026-03-05,15,149000
105560,KB금융,2026-03-06,16,147400
105560,KB금융,2026-03-09,17,142600
105560,KB금융,2026-03-10,18,147400
105560,KB금융,2026-03-11,19,151300
105560,KB금융,2026-03-12,20,149200
105560,KB금융,2026-03-13,21,148900
105560,KB금융,2026-03-16,22,149300
105560,KB금융,2026-03-17,23,150700
105560,KB금융,2026-03-18,24,154700
105560,KB금융,2026-03-19,25,155700
105560,KB금융,2026-03-20,26,155200
105560,KB금융,2026-03-23,27,145300
105560,KB금융,2026-03-24,28,146900
105560,KB금융,2026-03-25,29,149400
105560,KB금융,2026-03-26,30,152200
105560,KB금융,2026-03-27,31,152200
105560,KB금융,2026-03-30,32,145900
105560,KB금융,2026-03-31,33,141900
105560,KB금융,2026-04-01,34,148300
105560,KB금융,2026-04-02,35,146500
105560,KB금융,2026-04-03,36,145500
105560,KB금융,2026-04-06,37,147900
105560,KB금융,2026-04-07,38,146700
105560,KB금융,2026-04-08,39,156000
105560,KB금융,2026-04-09,40,154200
105560,KB금융,2026-04-10,41,158300
105560,KB금융,2026-04-13,42,156600
105560,KB금융,2026-04-14,43,155900
105560,KB금융,2026-04-15,44,158200
105560,KB금융,2026-04-16,45,162300
105560,KB금융,2026-04-17,46,162300
105560,KB금융,2026-04-20,47,160900
105560,KB금융,2026-04-21,48,160400
105560,KB금융,2026-04-22,49,157400
105560,KB금융,2026-04-23,50,158000
105560,KB금융,2026-04-24,51,157400
105560,KB금융,2026-04-27,52,157400
105560,KB금융,2026-04-28,53,158800
105560,KB금융,2026-04-29,54,160600
105560,KB금융,2026-04-30,55,160500
105560,KB금융,2026-05-04,56,157800
105560,KB금융,2026-05-06,57,158900
105560,KB금융,2026-05-07,58,161200
105560,KB금융,2026-05-08,59,161700
105560,KB금융,2026-05-11,60,158800
105560,KB금융,2026-05-12,61,153600
105560,KB금융,2026-05-13,62,152000
105560,KB금융,2026-05-14,63,156000
105560,KB금융,2026-05-15,64,155600
105560,KB금융,2026-05-18,65,153000
105560,KB금융,2026-05-19,66,152800
105560,KB금융,2026-05-20,67,151700
105560,KB금융,2026-05-21,68,155800
105560,KB금융,2026-05-22,69,160000
105560,KB금융,2026-05-26,70,157300
105560,KB금융,2026-05-27,71,153800
105560,KB금융,2026-05-28,72,149700
105560,KB금융,2026-05-29,73,150600
105560,KB금융,2026-06-01,74,152100
105560,KB금융,2026-06-02,75,156600
105560,KB금융,2026-06-04,76,164200
105560,KB금융,2026-06-05,77,171600
105560,KB금융,2026-06-08,78,151500
105560,KB금융,2026-06-09,79,154800
105560,KB금융,2026-06-10,80,154000
105560,KB금융,2026-06-11,81,151500
105560,KB금융,2026-06-12,82,161200
105560,KB금융,2026-06-15,83,169600
105560,KB금융,2026-06-16,84,172000
105560,KB금융,2026-06-17,85,164000
105560,KB금융,2026-06-18,86,163100
105560,KB금융,2026-06-19,87,158300
105560,KB금융,2026-06-22,88,157000
105560,KB금융,2026-06-23,89,153700
105560,KB금융,2026-06-24,90,151800
105560,KB금융,2026-06-25,91,151900
105560,KB금융,2026-06-26,92,149300
105560,KB금융,2026-06-29,93,153700
105560,KB금융,2026-06-30,94,159000
105560,KB금융,2026-07-01,95,158500
105560,KB금융,2026-07-02,96,165000
105560,KB금융,2026-07-03,97,170100
105560,KB금융,2026-07-06,98,170900
105560,KB금융,2026-07-07,99,173200
105560,KB금융,2026-07-08,100,171000
105560,KB금융,2026-07-09,101,171400
105560,KB금융,2026-07-10,102,184400
105560,KB금융,2026-07-13,103,186200
105560,KB금융,2026-07-14,104,180000
105560,KB금융,2026-07-15,105,181600
105560,KB금융,2026-07-16,106,181100
105560,KB금융,2026-07-20,107,168800
105560,KB금융,2026-07-21,108,174000
105560,KB금융,2026-07-22,109,175100
105560,KB금융,2026-07-23,110,176300
105560,KB금융,2026-07-24,111,171500
105560,KB금융,2026-07-27,112,172600
105560,KB금융,2026-07-28,113,165200
105560,KB금융,2026-07-29,114,160100
105560,KB금융,2026-07-30,115,167400
105560,KB금융,2026-07-31,116,168500
105560,KB금융,2026-08-03,117,169500
105560,KB금융,2026-08-04,118,168800
105560,KB금융,2026-08-05,119,170700
105560,KB금융,2026-08-06,120,171500
105560,KB금융,2026-08-07,121,175800
105560,KB금융,2026-08-10,122,171700
105560,KB금융,2026-08-11,123,166600
105560,KB금융,2026-08-12,124,166000
105560,KB금융,2026-08-13,125,168100
105560,KB금융,2026-08-14,126,168500
207940,삼성바이오로직스,2026-02-09,1,1694000
207940,삼성바이오로직스,2026-02-10,2,1710000
207940,삼성바이오로직스,2026-02-11,3,1712000
207940,삼성바이오로직스,2026-02-12,4,1719000
207940,삼성바이오로직스,2026-02-13,5,1710000
207940,삼성바이오로직스,2026-02-19,6,1720000
207940,삼성바이오로직스,2026-02-20,7,1736000
207940,삼성바이오로직스,2026-02-23,8,1717000
207940,삼성바이오로직스,2026-02-24,9,1723000
207940,삼성바이오로직스,2026-02-25,10,1728000
207940,삼성바이오로직스,2026-02-26,11,1766000
207940,삼성바이오로직스,2026-02-27,12,1778000
207940,삼성바이오로직스,2026-03-03,13,1681000
207940,삼성바이오로직스,2026-03-04,14,1516000
207940,삼성바이오로직스,2026-03-05,15,1647000
207940,삼성바이오로직스,2026-03-06,16,1644000
207940,삼성바이오로직스,2026-03-09,17,1579000
207940,삼성바이오로직스,2026-03-10,18,1592000
207940,삼성바이오로직스,2026-03-11,19,1657000
207940,삼성바이오로직스,2026-03-12,20,1625000
207940,삼성바이오로직스,2026-03-13,21,1592000
207940,삼성바이오로직스,2026-03-16,22,1568000
207940,삼성바이오로직스,2026-03-17,23,1587000
207940,삼성바이오로직스,2026-03-18,24,1626000
207940,삼성바이오로직스,2026-03-19,25,1585000
207940,삼성바이오로직스,2026-03-20,26,1601000
207940,삼성바이오로직스,2026-03-23,27,1523000
207940,삼성바이오로직스,2026-03-24,28,1547000
207940,삼성바이오로직스,2026-03-25,29,1585000
207940,삼성바이오로직스,2026-03-26,30,1585000
207940,삼성바이오로직스,2026-03-27,31,1606000
207940,삼성바이오로직스,2026-03-30,32,1530000
207940,삼성바이오로직스,2026-03-31,33,1504000
207940,삼성바이오로직스,2026-04-01,34,1572000
207940,삼성바이오로직스,2026-04-02,35,1585000
207940,삼성바이오로직스,2026-04-03,36,1554000
207940,삼성바이오로직스,2026-04-06,37,1555000
207940,삼성바이오로직스,2026-04-07,38,1586000
207940,삼성바이오로직스,2026-04-08,39,1598000
207940,삼성바이오로직스,2026-04-09,40,1580000
207940,삼성바이오로직스,2026-04-10,41,1571000
207940,삼성바이오로직스,2026-04-13,42,1550000
207940,삼성바이오로직스,2026-04-14,43,1536000
207940,삼성바이오로직스,2026-04-15,44,1602000
207940,삼성바이오로직스,2026-04-16,45,1616000
207940,삼성바이오로직스,2026-04-17,46,1601000
207940,삼성바이오로직스,2026-04-20,47,1605000
207940,삼성바이오로직스,2026-04-21,48,1588000
207940,삼성바이오로직스,2026-04-22,49,1561000
207940,삼성바이오로직스,2026-04-23,50,1514000
207940,삼성바이오로직스,2026-04-24,51,1528000
207940,삼성바이오로직스,2026-04-27,52,1509000
207940,삼성바이오로직스,2026-04-28,53,1504000
207940,삼성바이오로직스,2026-04-29,54,1473000
207940,삼성바이오로직스,2026-04-30,55,1470000
207940,삼성바이오로직스,2026-05-04,56,1485000
207940,삼성바이오로직스,2026-05-06,57,1480000
207940,삼성바이오로직스,2026-05-07,58,1468000
207940,삼성바이오로직스,2026-05-08,59,1472000
207940,삼성바이오로직스,2026-05-11,60,1458000
207940,삼성바이오로직스,2026-05-12,61,1443000
207940,삼성바이오로직스,2026-05-13,62,1410000
207940,삼성바이오로직스,2026-05-14,63,1449000
207940,삼성바이오로직스,2026-05-15,64,1419000
207940,삼성바이오로직스,2026-05-18,65,1386000
207940,삼성바이오로직스,2026-05-19,66,1346000
207940,삼성바이오로직스,2026-05-20,67,1337000
207940,삼성바이오로직스,2026-05-21,68,1395000
207940,삼성바이오로직스,2026-05-22,69,1415000
207940,삼성바이오로직스,2026-05-26,70,1425000
207940,삼성바이오로직스,2026-05-27,71,1384000
207940,삼성바이오로직스,2026-05-28,72,1373000
207940,삼성바이오로직스,2026-05-29,73,1363000
207940,삼성바이오로직스,2026-06-01,74,1377000
207940,삼성바이오로직스,2026-06-02,75,1367000
207940,삼성바이오로직스,2026-06-04,76,1350000
207940,삼성바이오로직스,2026-06-05,77,1340000
207940,삼성바이오로직스,2026-06-08,78,1243000
207940,삼성바이오로직스,2026-06-09,79,1296000
207940,삼성바이오로직스,2026-06-10,80,1298000
207940,삼성바이오로직스,2026-06-11,81,1286000
207940,삼성바이오로직스,2026-06-12,82,1295000
207940,삼성바이오로직스,2026-06-15,83,1332000
207940,삼성바이오로직스,2026-06-16,84,1333000
207940,삼성바이오로직스,2026-06-17,85,1370000
207940,삼성바이오로직스,2026-06-18,86,1430000
207940,삼성바이오로직스,2026-06-19,87,1374000
207940,삼성바이오로직스,2026-06-22,88,1295000
207940,삼성바이오로직스,2026-06-23,89,1273000
207940,삼성바이오로직스,2026-06-24,90,1385000
207940,삼성바이오로직스,2026-06-25,91,1386000
207940,삼성바이오로직스,2026-06-26,92,1343000
207940,삼성바이오로직스,2026-06-29,93,1448000
207940,삼성바이오로직스,2026-06-30,94,1391000
207940,삼성바이오로직스,2026-07-01,95,1396000
207940,삼성바이오로직스,2026-07-02,96,1406000
207940,삼성바이오로직스,2026-07-03,97,1421000
207940,삼성바이오로직스,2026-07-06,98,1405000
207940,삼성바이오로직스,2026-07-07,99,1422000
207940,삼성바이오로직스,2026-07-08,100,1363000
207940,삼성바이오로직스,2026-07-09,101,1325000
207940,삼성바이오로직스,2026-07-10,102,1395000
207940,삼성바이오로직스,2026-07-13,103,1400000
207940,삼성바이오로직스,2026-07-14,104,1368000
207940,삼성바이오로직스,2026-07-15,105,1383000
207940,삼성바이오로직스,2026-07-16,106,1396000
207940,삼성바이오로직스,2026-07-20,107,1345000
207940,삼성바이오로직스,2026-07-21,108,1395000
207940,삼성바이오로직스,2026-07-22,109,1372000
207940,삼성바이오로직스,2026-07-23,110,1379000
207940,삼성바이오로직스,2026-07-24,111,1518000
207940,삼성바이오로직스,2026-07-27,112,1545000
207940,삼성바이오로직스,2026-07-28,113,1549000
207940,삼성바이오로직스,2026-07-29,114,1479000
207940,삼성바이오로직스,2026-07-30,115,1527000
207940,삼성바이오로직스,2026-07-31,116,1485000
207940,삼성바이오로직스,2026-08-03,117,1423000
207940,삼성바이오로직스,2026-08-04,118,1476000
207940,삼성바이오로직스,2026-08-05,119,1491000
207940,삼성바이오로직스,2026-08-06,120,1514000
207940,삼성바이오로직스,2026-08-07,121,1556000
207940,삼성바이오로직스,2026-08-10,122,1569000
207940,삼성바이오로직스,2026-08-11,123,1609000
207940,삼성바이오로직스,2026-08-12,124,1549000
207940,삼성바이오로직스,2026-08-13,125,1564000
207940,삼성바이오로직스,2026-08-14,126,1548000
247540,에코프로비엠,2026-02-09,1,206500
247540,에코프로비엠,2026-02-10,2,202000
247540,에코프로비엠,2026-02-11,3,200000
247540,에코프로비엠,2026-02-12,4,207000
247540,에코프로비엠,2026-02-13,5,196100
247540,에코프로비엠,2026-02-19,6,214000
247540,에코프로비엠,2026-02-20,7,214000
247540,에코프로비엠,2026-02-23,8,209500
247540,에코프로비엠,2026-02-24,9,213500
247540,에코프로비엠,2026-02-25,10,216000
247540,에코프로비엠,2026-02-26,11,219500
247540,에코프로비엠,2026-02-27,12,221500
247540,에코프로비엠,2026-03-03,13,199500
247540,에코프로비엠,2026-03-04,14,165600
247540,에코프로비엠,2026-03-05,15,195400
247540,에코프로비엠,2026-03-06,16,202500
247540,에코프로비엠,2026-03-09,17,202500
247540,에코프로비엠,2026-03-10,18,203000
247540,에코프로비엠,2026-03-11,19,197500
247540,에코프로비엠,2026-03-12,20,197700
247540,에코프로비엠,2026-03-13,21,191300
247540,에코프로비엠,2026-03-16,22,187400
247540,에코프로비엠,2026-03-17,23,193500
247540,에코프로비엠,2026-03-18,24,196500
247540,에코프로비엠,2026-03-19,25,189700
247540,에코프로비엠,2026-03-20,26,191900
247540,에코프로비엠,2026-03-23,27,179100
247540,에코프로비엠,2026-03-24,28,193000
247540,에코프로비엠,2026-03-25,29,203000
247540,에코프로비엠,2026-03-26,30,198900
247540,에코프로비엠,2026-03-27,31,202500
247540,에코프로비엠,2026-03-30,32,203500
247540,에코프로비엠,2026-03-31,33,192200
247540,에코프로비엠,2026-04-01,34,202000
247540,에코프로비엠,2026-04-02,35,196900
247540,에코프로비엠,2026-04-03,36,192600
247540,에코프로비엠,2026-04-06,37,199900
247540,에코프로비엠,2026-04-07,38,201500
247540,에코프로비엠,2026-04-08,39,208500
247540,에코프로비엠,2026-04-09,40,206000
247540,에코프로비엠,2026-04-10,41,201500
247540,에코프로비엠,2026-04-13,42,199000
247540,에코프로비엠,2026-04-14,43,197800
247540,에코프로비엠,2026-04-15,44,202500
247540,에코프로비엠,2026-04-16,45,205000
247540,에코프로비엠,2026-04-17,46,208000
247540,에코프로비엠,2026-04-20,47,210000
247540,에코프로비엠,2026-04-21,48,220500
247540,에코프로비엠,2026-04-22,49,218000
247540,에코프로비엠,2026-04-23,50,205500
247540,에코프로비엠,2026-04-24,51,208000
247540,에코프로비엠,2026-04-27,52,207500
247540,에코프로비엠,2026-04-28,53,213500
247540,에코프로비엠,2026-04-29,54,212500
247540,에코프로비엠,2026-04-30,55,206000
247540,에코프로비엠,2026-05-04,56,215500
247540,에코프로비엠,2026-05-06,57,228500
247540,에코프로비엠,2026-05-07,58,235500
247540,에코프로비엠,2026-05-08,59,237500
247540,에코프로비엠,2026-05-11,60,222000
247540,에코프로비엠,2026-05-12,61,205500
247540,에코프로비엠,2026-05-13,62,197100
247540,에코프로비엠,2026-05-14,63,209000
247540,에코프로비엠,2026-05-15,64,190500
247540,에코프로비엠,2026-05-18,65,190400
247540,에코프로비엠,2026-05-19,66,182400
247540,에코프로비엠,2026-05-20,67,176700
247540,에코프로비엠,2026-05-21,68,195000
247540,에코프로비엠,2026-05-22,69,216000
247540,에코프로비엠,2026-05-26,70,220000
247540,에코프로비엠,2026-05-27,71,213500
247540,에코프로비엠,2026-05-28,72,218500
247540,에코프로비엠,2026-05-29,73,217000
247540,에코프로비엠,2026-06-01,74,207000
247540,에코프로비엠,2026-06-02,75,198000
247540,에코프로비엠,2026-06-04,76,197400
247540,에코프로비엠,2026-06-05,77,180100
247540,에코프로비엠,2026-06-08,78,159700
247540,에코프로비엠,2026-06-09,79,167600
247540,에코프로비엠,2026-06-10,80,164500
247540,에코프로비엠,2026-06-11,81,164300
247540,에코프로비엠,2026-06-12,82,170000
247540,에코프로비엠,2026-06-15,83,186500
247540,에코프로비엠,2026-06-16,84,179500
247540,에코프로비엠,2026-06-17,85,180000
247540,에코프로비엠,2026-06-18,86,172300
247540,에코프로비엠,2026-06-19,87,169400
247540,에코프로비엠,2026-06-22,88,166700
247540,에코프로비엠,2026-06-23,89,150900
247540,에코프로비엠,2026-06-24,90,152500
247540,에코프로비엠,2026-06-25,91,144000
247540,에코프로비엠,2026-06-26,92,133700
247540,에코프로비엠,2026-06-29,93,154500
247540,에코프로비엠,2026-06-30,94,142500
247540,에코프로비엠,2026-07-01,95,132700
247540,에코프로비엠,2026-07-02,96,125500
247540,에코프로비엠,2026-07-03,97,124400
247540,에코프로비엠,2026-07-06,98,121700
247540,에코프로비엠,2026-07-07,99,120200
247540,에코프로비엠,2026-07-08,100,112600
247540,에코프로비엠,2026-07-09,101,111500
247540,에코프로비엠,2026-07-10,102,121600
247540,에코프로비엠,2026-07-13,103,119800
247540,에코프로비엠,2026-07-14,104,112600
247540,에코프로비엠,2026-07-15,105,120900
247540,에코프로비엠,2026-07-16,106,112400
247540,에코프로비엠,2026-07-20,107,104100
247540,에코프로비엠,2026-07-21,108,105900
247540,에코프로비엠,2026-07-22,109,107500
247540,에코프로비엠,2026-07-23,110,118200
247540,에코프로비엠,2026-07-24,111,108300
247540,에코프로비엠,2026-07-27,112,110500
247540,에코프로비엠,2026-07-28,113,101800
247540,에코프로비엠,2026-07-29,114,92600
247540,에코프로비엠,2026-07-30,115,96500
247540,에코프로비엠,2026-07-31,116,103500
247540,에코프로비엠,2026-08-03,117,96800
247540,에코프로비엠,2026-08-04,118,102500
247540,에코프로비엠,2026-08-05,119,101700
247540,에코프로비엠,2026-08-06,120,102500
247540,에코프로비엠,2026-08-07,121,107000
247540,에코프로비엠,2026-08-10,122,114800
247540,에코프로비엠,2026-08-11,123,109800
247540,에코프로비엠,2026-08-12,124,114400
247540,에코프로비엠,2026-08-13,125,114500
247540,에코프로비엠,2026-08-14,126,116700
329180,HD현대중공업,2026-02-09,1,540000
329180,HD현대중공업,2026-02-10,2,534000
329180,HD현대중공업,2026-02-11,3,537000
329180,HD현대중공업,2026-02-12,4,539000
329180,HD현대중공업,2026-02-13,5,543000
329180,HD현대중공업,2026-02-19,6,574000
329180,HD현대중공업,2026-02-20,7,602000
329180,HD현대중공업,2026-02-23,8,607000
329180,HD현대중공업,2026-02-24,9,596000
329180,HD현대중공업,2026-02-25,10,594000
329180,HD현대중공업,2026-02-26,11,592000
329180,HD현대중공업,2026-02-27,12,603000
329180,HD현대중공업,2026-03-03,13,590000
329180,HD현대중공업,2026-03-04,14,511000
329180,HD현대중공업,2026-03-05,15,559000
329180,HD현대중공업,2026-03-06,16,554000
329180,HD현대중공업,2026-03-09,17,576000
329180,HD현대중공업,2026-03-10,18,583000
329180,HD현대중공업,2026-03-11,19,590000
329180,HD현대중공업,2026-03-12,20,604000
329180,HD현대중공업,2026-03-13,21,596000
329180,HD현대중공업,2026-03-16,22,583000
329180,HD현대중공업,2026-03-17,23,587000
329180,HD현대중공업,2026-03-18,24,590000
329180,HD현대중공업,2026-03-19,25,567000
329180,HD현대중공업,2026-03-20,26,559000
329180,HD현대중공업,2026-03-23,27,502000
329180,HD현대중공업,2026-03-24,28,516000
329180,HD현대중공업,2026-03-25,29,523000
329180,HD현대중공업,2026-03-26,30,511000
329180,HD현대중공업,2026-03-27,31,498500
329180,HD현대중공업,2026-03-30,32,480000
329180,HD현대중공업,2026-03-31,33,465000
329180,HD현대중공업,2026-04-01,34,451500
329180,HD현대중공업,2026-04-02,35,439000
329180,HD현대중공업,2026-04-03,36,479500
329180,HD현대중공업,2026-04-06,37,471000
329180,HD현대중공업,2026-04-07,38,470000
329180,HD현대중공업,2026-04-08,39,484500
329180,HD현대중공업,2026-04-09,40,470500
329180,HD현대중공업,2026-04-10,41,475000
329180,HD현대중공업,2026-04-13,42,463000
329180,HD현대중공업,2026-04-14,43,479000
329180,HD현대중공업,2026-04-15,44,474500
329180,HD현대중공업,2026-04-16,45,493500
329180,HD현대중공업,2026-04-17,46,514000
329180,HD현대중공업,2026-04-20,47,524000
329180,HD현대중공업,2026-04-21,48,576000
329180,HD현대중공업,2026-04-22,49,641000
329180,HD현대중공업,2026-04-23,50,641000
329180,HD현대중공업,2026-04-24,51,671000
329180,HD현대중공업,2026-04-27,52,673000
329180,HD현대중공업,2026-04-28,53,667000
329180,HD현대중공업,2026-04-29,54,690000
329180,HD현대중공업,2026-04-30,55,685000
329180,HD현대중공업,2026-05-04,56,680000
329180,HD현대중공업,2026-05-06,57,648000
329180,HD현대중공업,2026-05-07,58,693000
329180,HD현대중공업,2026-05-08,59,658000
329180,HD현대중공업,2026-05-11,60,685000
329180,HD현대중공업,2026-05-12,61,707000
329180,HD현대중공업,2026-05-13,62,733000
329180,HD현대중공업,2026-05-14,63,671000
329180,HD현대중공업,2026-05-15,64,640000
329180,HD현대중공업,2026-05-18,65,615000
329180,HD현대중공업,2026-05-19,66,598000
329180,HD현대중공업,2026-05-20,67,636000
329180,HD현대중공업,2026-05-21,68,672000
329180,HD현대중공업,2026-05-22,69,680000
329180,HD현대중공업,2026-05-26,70,745000
329180,HD현대중공업,2026-05-27,71,744000
329180,HD현대중공업,2026-05-28,72,704000
329180,HD현대중공업,2026-05-29,73,696000
329180,HD현대중공업,2026-06-01,74,684000
329180,HD현대중공업,2026-06-02,75,673000
329180,HD현대중공업,2026-06-04,76,651000
329180,HD현대중공업,2026-06-05,77,664000
329180,HD현대중공업,2026-06-08,78,621000
329180,HD현대중공업,2026-06-09,79,612000
329180,HD현대중공업,2026-06-10,80,641000
329180,HD현대중공업,2026-06-11,81,646000
329180,HD현대중공업,2026-06-12,82,650000
329180,HD현대중공업,2026-06-15,83,714000
329180,HD현대중공업,2026-06-16,84,698000
329180,HD현대중공업,2026-06-17,85,707000
329180,HD현대중공업,2026-06-18,86,684000
329180,HD현대중공업,2026-06-19,87,667000
329180,HD현대중공업,2026-06-22,88,636000
329180,HD현대중공업,2026-06-23,89,588000
329180,HD현대중공업,2026-06-24,90,587000
329180,HD현대중공업,2026-06-25,91,582000
329180,HD현대중공업,2026-06-26,92,564000
329180,HD현대중공업,2026-06-29,93,592000
329180,HD현대중공업,2026-06-30,94,592000
329180,HD현대중공업,2026-07-01,95,615000
329180,HD현대중공업,2026-07-02,96,590000
329180,HD현대중공업,2026-07-03,97,577000
329180,HD현대중공업,2026-07-06,98,583000
329180,HD현대중공업,2026-07-07,99,552000
329180,HD현대중공업,2026-07-08,100,517000
329180,HD현대중공업,2026-07-09,101,507000
329180,HD현대중공업,2026-07-10,102,504000
329180,HD현대중공업,2026-07-13,103,487500
329180,HD현대중공업,2026-07-14,104,466000
329180,HD현대중공업,2026-07-15,105,471000
329180,HD현대중공업,2026-07-16,106,484000
329180,HD현대중공업,2026-07-20,107,448500
329180,HD현대중공업,2026-07-21,108,451500
329180,HD현대중공업,2026-07-22,109,464500
329180,HD현대중공업,2026-07-23,110,498000
329180,HD현대중공업,2026-07-24,111,485500
329180,HD현대중공업,2026-07-27,112,486500
329180,HD현대중공업,2026-07-28,113,451000
329180,HD현대중공업,2026-07-29,114,434000
329180,HD현대중공업,2026-07-30,115,448000
329180,HD현대중공업,2026-07-31,116,481000
329180,HD현대중공업,2026-08-03,117,470500
329180,HD현대중공업,2026-08-04,118,483000
329180,HD현대중공업,2026-08-05,119,509000
329180,HD현대중공업,2026-08-06,120,507000
329180,HD현대중공업,2026-08-07,121,506000
329180,HD현대중공업,2026-08-10,122,532000
329180,HD현대중공업,2026-08-11,123,503000
329180,HD현대중공업,2026-08-12,124,496000
329180,HD현대중공업,2026-08-13,125,496000
329180,HD현대중공업,2026-08-14,126,510000
373220,LG에너지솔루션,2026-02-09,1,394500
373220,LG에너지솔루션,2026-02-10,2,390500
373220,LG에너지솔루션,2026-02-11,3,392000
373220,LG에너지솔루션,2026-02-12,4,410000
373220,LG에너지솔루션,2026-02-13,5,395000
373220,LG에너지솔루션,2026-02-19,6,403500
373220,LG에너지솔루션,2026-02-20,7,401500
373220,LG에너지솔루션,2026-02-23,8,396000
373220,LG에너지솔루션,2026-02-24,9,412500
373220,LG에너지솔루션,2026-02-25,10,426000
373220,LG에너지솔루션,2026-02-26,11,427000
373220,LG에너지솔루션,2026-02-27,12,427000
373220,LG에너지솔루션,2026-03-03,13,393000
373220,LG에너지솔루션,2026-03-04,14,347500
373220,LG에너지솔루션,2026-03-05,15,371500
373220,LG에너지솔루션,2026-03-06,16,377500
373220,LG에너지솔루션,2026-03-09,17,359500
373220,LG에너지솔루션,2026-03-10,18,367000
373220,LG에너지솔루션,2026-03-11,19,369500
373220,LG에너지솔루션,2026-03-12,20,384000
373220,LG에너지솔루션,2026-03-13,21,369000
373220,LG에너지솔루션,2026-03-16,22,366000
373220,LG에너지솔루션,2026-03-17,23,380500
373220,LG에너지솔루션,2026-03-18,24,383500
373220,LG에너지솔루션,2026-03-19,25,371000
373220,LG에너지솔루션,2026-03-20,26,375500
373220,LG에너지솔루션,2026-03-23,27,356000
373220,LG에너지솔루션,2026-03-24,28,392500
373220,LG에너지솔루션,2026-03-25,29,394000
373220,LG에너지솔루션,2026-03-26,30,384500
373220,LG에너지솔루션,2026-03-27,31,394500
373220,LG에너지솔루션,2026-03-30,32,410000
373220,LG에너지솔루션,2026-03-31,33,394500
373220,LG에너지솔루션,2026-04-01,34,407000
373220,LG에너지솔루션,2026-04-02,35,404500
373220,LG에너지솔루션,2026-04-03,36,398500
373220,LG에너지솔루션,2026-04-06,37,412500
373220,LG에너지솔루션,2026-04-07,38,408500
373220,LG에너지솔루션,2026-04-08,39,406000
373220,LG에너지솔루션,2026-04-09,40,421000
373220,LG에너지솔루션,2026-04-10,41,412000
373220,LG에너지솔루션,2026-04-13,42,401500
373220,LG에너지솔루션,2026-04-14,43,400000
373220,LG에너지솔루션,2026-04-15,44,408000
373220,LG에너지솔루션,2026-04-16,45,416000
373220,LG에너지솔루션,2026-04-17,46,418000
373220,LG에너지솔루션,2026-04-20,47,429000
373220,LG에너지솔루션,2026-04-21,48,478000
373220,LG에너지솔루션,2026-04-22,49,484500
373220,LG에너지솔루션,2026-04-23,50,466500
373220,LG에너지솔루션,2026-04-24,51,481000
373220,LG에너지솔루션,2026-04-27,52,464000
373220,LG에너지솔루션,2026-04-28,53,472000
373220,LG에너지솔루션,2026-04-29,54,473000
373220,LG에너지솔루션,2026-04-30,55,460500
373220,LG에너지솔루션,2026-05-04,56,472000
373220,LG에너지솔루션,2026-05-06,57,482000
373220,LG에너지솔루션,2026-05-07,58,483000
373220,LG에너지솔루션,2026-05-08,59,476500
373220,LG에너지솔루션,2026-05-11,60,468000
373220,LG에너지솔루션,2026-05-12,61,443000
373220,LG에너지솔루션,2026-05-13,62,430000
373220,LG에너지솔루션,2026-05-14,63,442000
373220,LG에너지솔루션,2026-05-15,64,417000
373220,LG에너지솔루션,2026-05-18,65,408000
373220,LG에너지솔루션,2026-05-19,66,400000
373220,LG에너지솔루션,2026-05-20,67,384500
373220,LG에너지솔루션,2026-05-21,68,401000
373220,LG에너지솔루션,2026-05-22,69,398500
373220,LG에너지솔루션,2026-05-26,70,399500
373220,LG에너지솔루션,2026-05-27,71,383500
373220,LG에너지솔루션,2026-05-28,72,442000
373220,LG에너지솔루션,2026-05-29,73,458000
373220,LG에너지솔루션,2026-06-01,74,455000
373220,LG에너지솔루션,2026-06-02,75,442500
373220,LG에너지솔루션,2026-06-04,76,422000
373220,LG에너지솔루션,2026-06-05,77,414000
373220,LG에너지솔루션,2026-06-08,78,388500
373220,LG에너지솔루션,2026-06-09,79,396500
373220,LG에너지솔루션,2026-06-10,80,385500
373220,LG에너지솔루션,2026-06-11,81,384500
373220,LG에너지솔루션,2026-06-12,82,400000
373220,LG에너지솔루션,2026-06-15,83,420500
373220,LG에너지솔루션,2026-06-16,84,410500
373220,LG에너지솔루션,2026-06-17,85,416000
373220,LG에너지솔루션,2026-06-18,86,400000
373220,LG에너지솔루션,2026-06-19,87,404500
373220,LG에너지솔루션,2026-06-22,88,385500
373220,LG에너지솔루션,2026-06-23,89,362000
373220,LG에너지솔루션,2026-06-24,90,365500
373220,LG에너지솔루션,2026-06-25,91,352000
373220,LG에너지솔루션,2026-06-26,92,331500
373220,LG에너지솔루션,2026-06-29,93,400500
373220,LG에너지솔루션,2026-06-30,94,362000
373220,LG에너지솔루션,2026-07-01,95,348000
373220,LG에너지솔루션,2026-07-02,96,354000
373220,LG에너지솔루션,2026-07-03,97,362500
373220,LG에너지솔루션,2026-07-06,98,354500
373220,LG에너지솔루션,2026-07-07,99,332000
373220,LG에너지솔루션,2026-07-08,100,315500
373220,LG에너지솔루션,2026-07-09,101,313500
373220,LG에너지솔루션,2026-07-10,102,326000
373220,LG에너지솔루션,2026-07-13,103,328500
373220,LG에너지솔루션,2026-07-14,104,322000
373220,LG에너지솔루션,2026-07-15,105,335000
373220,LG에너지솔루션,2026-07-16,106,334000
373220,LG에너지솔루션,2026-07-20,107,317500
373220,LG에너지솔루션,2026-07-21,108,317000
373220,LG에너지솔루션,2026-07-22,109,321000
373220,LG에너지솔루션,2026-07-23,110,348000
373220,LG에너지솔루션,2026-07-24,111,329500
373220,LG에너지솔루션,2026-07-27,112,333000
373220,LG에너지솔루션,2026-07-28,113,314000
373220,LG에너지솔루션,2026-07-29,114,300500
373220,LG에너지솔루션,2026-07-30,115,320000
373220,LG에너지솔루션,2026-07-31,116,328000
373220,LG에너지솔루션,2026-08-03,117,316000
373220,LG에너지솔루션,2026-08-04,118,328500
373220,LG에너지솔루션,2026-08-05,119,335500
373220,LG에너지솔루션,2026-08-06,120,345000
373220,LG에너지솔루션,2026-08-07,121,360000
373220,LG에너지솔루션,2026-08-10,122,367500
373220,LG에너지솔루션,2026-08-11,123,354500
373220,LG에너지솔루션,2026-08-12,124,358500
373220,LG에너지솔루션,2026-08-13,125,365500
373220,LG에너지솔루션,2026-08-14,126,369500