거래일순번,거래일자,기아(000270),SK하이닉스(000660),현대차(005380),POSCO홀딩스(005490),삼성전자(005930),삼성SDI(006400),현대모비스(012330),한화에어로스페이스(012450),삼성물산(028260),NAVER(035420),카카오(035720),LG화학(051910),신한지주(055550),셀트리온(068270),에코프로(086520),KB금융(105560),삼성바이오로직스(207940),에코프로비엠(247540),HD현대중공업(329180),LG에너지솔루션(373220)
1,2026-02-09,153800,887000,478000,363500,166400,380000,435000,1193000,312500,250000,57500,310500,93400,219228,159300,151400,1694000,206500,540000,394500
2,2026-02-10,154700,876000,480500,371000,165800,381000,437000,1146000,317000,254000,58300,321000,97900,216845,156000,155500,1710000,202000,534000,390500
3,2026-02-11,161800,860000,509000,372000,167800,377000,446000,1130000,316500,257500,58900,322500,100900,228283,152500,164500,1712000,200000,537000,392000
4,2026-02-12,166300,888000,506000,383000,178600,385500,446000,1131000,334000,255500,58800,336500,106000,227330,155500,168500,1719000,207000,539000,410000
5,2026-02-13,164100,880000,499000,375500,181200,374500,435000,1105000,318000,252500,57400,324500,102500,226853,150400,167900,1710000,196100,543000,395000
6,2026-02-19,170000,894000,513000,389000,190000,408000,440500,1149000,319500,253000,57600,334500,100300,233049,172300,166500,1720000,214000,574000,403500
7,2026-02-20,171800,949000,509000,394000,190100,402000,443000,1242000,331000,254500,57900,337000,102000,230666,171300,168800,1736000,214000,602000,401500
8,2026-02-23,172700,951000,523000,388000,193000,391500,445500,1236000,332000,255500,58100,332500,101800,231619,169300,168700,1717000,209500,607000,396000
9,2026-02-24,174000,1005000,524000,399500,200000,421500,453000,1241000,338000,255000,57900,350500,100900,236861,169900,166700,1723000,213500,596000,412500
10,2026-02-25,196100,1018000,572000,406500,203500,433000,469500,1212000,347000,253000,57400,387500,99500,233049,175200,167700,1728000,216000,594000,426000
11,2026-02-26,206000,1099000,609000,407500,218000,449000,529000,1194000,360000,260500,61400,390000,99900,230666,184200,165300,1766000,219500,592000,427000
12,2026-02-27,205500,1061000,674000,413000,216500,466000,517000,1195000,350500,254500,62300,417500,96900,227330,185000,159000,1778000,221500,603000,427000
13,2026-03-03,182300,939000,595000,374500,195100,408000,468500,1432000,317000,236000,56200,361000,96700,214462,164000,153500,1681000,199500,590000,393000
14,2026-03-04,156700,849000,501000,321500,172200,351000,399000,1323000,272000,208000,47050,307000,88800,188155,133800,137700,1516000,165600,511000,347500
15,2026-03-05,166400,941000,548000,346500,191600,392500,432000,1381000,293000,220000,51200,324500,92900,201594,160800,149000,1647000,195400,559000,371500
16,2026-03-06,167000,924000,553000,353500,188200,410500,444000,1481000,283500,222500,53600,326500,91800,202547,170000,147400,1644000,202500,554000,377500
17,2026-03-09,153400,836000,507000,336000,173500,389000,409000,1434000,270500,218500,50400,300000,88500,194445,163800,142600,1579000,202500,576000,359500
18,2026-03-10,161000,938000,525000,343500,187900,403500,423000,1455000,273000,220500,51800,311000,89200,196352,164500,147400,1592000,203000,583000,367000
19,2026-03-11,162000,955000,530000,345000,190000,400000,423000,1410000,283500,222000,50900,315500,91100,199211,161600,151300,1657000,197500,590000,369500
20,2026-03-12,167000,930000,521000,347500,187900,400000,414500,1465000,280500,222000,50400,306000,91900,196352,158000,149200,1625000,197700,604000,384000
21,2026-03-13,164300,910000,517000,337000,183500,388000,404000,1488000,280500,223000,50600,297500,90800,195875,150500,148900,1592000,191300,596000,369000
22,2026-03-16,162000,974000,506000,333500,188700,383000,401000,1476000,278500,218000,50200,292000,90000,190633,145900,149300,1568000,187400,583000,366000
23,2026-03-17,167300,970000,522000,342500,193900,389000,412500,1396000,279500,224000,51300,307500,91200,196352,149300,150700,1587000,193500,587000,380500
24,2026-03-18,175100,1056000,545000,349500,208500,405000,430000,1390000,299000,226500,51500,320000,95000,199688,154000,154700,1626000,196500,590000,383500
25,2026-03-19,170500,1013000,522000,338000,200500,402500,413000,1375000,291000,220500,50000,303500,96500,192539,151100,155700,1585000,189700,567000,371000
26,2026-03-20,168500,1007000,517000,343500,199400,400500,400500,1320000,297500,221500,50000,310000,97900,192539,150900,155200,1601000,191900,559000,375500
27,2026-03-23,161700,933000,485000,325000,186300,376500,381000,1278000,274500,209000,46900,290000,89900,179481,139600,145300,1523000,179100,502000,356000
28,2026-03-24,157900,986000,492000,339500,189700,397500,392500,1335000,281500,213500,48200,314000,90000,190252,149000,146900,1547000,193000,516000,392500
29,2026-03-25,157900,995000,501000,342000,189000,404000,402000,1400000,289000,215500,49050,318000,92100,193969,151300,149400,1585000,203000,523000,394000
30,2026-03-26,154700,933000,490000,342500,180100,396500,398500,1369000,278000,211500,48650,314000,93400,193492,146000,152200,1585000,198900,511000,384500
31,2026-03-27,155800,922000,495000,343000,179700,405500,408500,1335000,269000,212500,48800,313000,93500,196352,149000,152200,1606000,202500,498500,394500
32,2026-03-30,151500,873000,469500,343000,176300,412500,398000,1308000,259500,207000,47100,322000,90500,192063,146700,145900,1530000,203500,480000,410000
33,2026-03-31,145200,807000,445500,332500,167200,408000,378000,1249000,253500,201500,45800,299000,87700,187964,139500,141900,1504000,192200,465000,394500
34,2026-04-01,155300,893000,488000,346000,189600,432000,409000,1333000,273000,210000,48250,312500,93300,196352,149100,148300,1572000,202000,451500,407000
35,2026-04-02,150600,830000,465500,341000,178400,443000,389500,1417000,264000,195800,45400,302000,91700,187487,142400,146500,1585000,196900,439000,404500
36,2026-04-03,150200,876000,471000,347500,186200,438500,388500,1449000,263000,197500,45200,304500,91800,186153,141500,145500,1554000,192600,479500,398500
37,2026-04-06,151600,886000,469000,349000,193100,453500,388500,1450000,269500,196800,44850,317000,92900,186630,143000,147900,1555000,199900,471000,412500
38,2026-04-07,150800,916000,473000,345500,196500,456500,390000,1537000,274000,195900,46400,323500,91400,184628,144800,146700,1586000,201500,470000,408500
39,2026-04-08,159200,1033000,508000,362500,210500,471500,407000,1484000,309000,201500,47850,344500,96700,192539,153100,156000,1598000,208500,484500,406000
40,2026-04-09,150500,998000,489500,367000,204000,480000,401500,1451000,300000,201500,47300,355000,96600,192063,148900,154200,1580000,206000,470500,421000
41,2026-04-10,149000,1027000,489500,369000,206000,481000,402500,1507000,302500,202000,47700,356000,98700,190347,146400,158300,1571000,201500,475000,412000
42,2026-04-13,147400,1040000,478500,360000,201000,477500,391500,1530000,289500,199000,47000,340000,98300,186058,143700,156600,1550000,199000,463000,401500
43,2026-04-14,149200,1103000,491500,361500,206500,470500,405000,1523000,296000,201500,48100,341500,98300,189775,144200,155900,1536000,197800,479000,400000
44,2026-04-15,151500,1136000,508000,368000,211000,471000,415500,1509000,307500,211000,49600,354000,99800,192539,147900,158200,1602000,202500,474500,408000
45,2026-04-16,157900,1155000,534000,370000,217500,478500,427000,1519000,306000,218500,50600,357500,99900,199211,149200,162300,1616000,205000,493500,416000
46,2026-04-17,159200,1128000,538000,385000,216000,513000,427000,1423000,301500,216500,50000,360000,99600,197782,151900,162300,1601000,208000,514000,418000
47,2026-04-20,157400,1166000,527000,389500,214500,538000,420000,1425000,300000,213500,48850,365500,100000,195875,155600,160900,1605000,210000,524000,429000
48,2026-04-21,160000,1224000,546000,421500,219000,645000,447000,1391000,304000,214000,48950,389500,99800,193492,163700,160400,1588000,220500,576000,478000
49,2026-04-22,160000,1223000,541000,418500,217500,659000,456500,1416000,301000,214000,48450,392000,98600,194445,164300,157400,1561000,218000,641000,484500
50,2026-04-23,158400,1225000,532000,410500,224500,630000,442500,1425000,320000,217500,48400,391500,99900,196352,157200,158000,1514000,205500,641000,466500
51,2026-04-24,153400,1222000,513000,415000,219500,641000,422500,1463000,311500,214000,48050,391500,100000,199211,156600,157400,1528000,208000,671000,481000
52,2026-04-27,152600,1292000,524000,417500,224500,635000,432500,1454000,312000,215000,48450,379500,99700,194445,156400,157400,1509000,207500,673000,464000
53,2026-04-28,155600,1300000,555000,466500,222000,680000,447000,1395000,309500,219500,48850,394000,99900,197305,161500,158800,1504000,213500,667000,472000
54,2026-04-29,156900,1293000,556000,469000,226000,712000,439000,1420000,308500,220000,48400,407500,100000,194445,159900,160600,1473000,212500,690000,473000
55,2026-04-30,151800,1286000,531000,462000,220500,695000,425000,1417000,298500,211000,47300,397000,99900,191109,152900,160500,1470000,206000,685000,460500
56,2026-05-04,154000,1447000,539000,502000,232500,705000,431500,1465000,320000,209000,47100,429000,98000,188536,155800,157800,1485000,215500,680000,472000
57,2026-05-06,154600,1601000,550000,506000,266000,698000,432500,1433000,375500,208000,46300,423500,97300,185581,162800,158900,1480000,228500,648000,482000
58,2026-05-07,157600,1654000,572000,535000,271500,694000,441500,1317000,405000,207500,45250,425000,98900,193016,159700,161200,1468000,235500,693000,483000
59,2026-05-08,164500,1686000,613000,525000,268500,678000,509000,1307000,422500,215000,46000,429500,98000,189108,155000,161700,1472000,237500,658000,476500
60,2026-05-11,174700,1880000,646000,512000,285500,684000,553000,1315000,452000,211500,44700,423500,97200,182340,146400,158800,1458000,222000,685000,468000
61,2026-05-12,168300,1835000,646000,479000,279000,629000,548000,1284000,435000,204000,43550,388500,96700,184247,139700,153600,1443000,205500,707000,443000
62,2026-05-13,179500,1976000,710000,478500,284000,634000,649000,1286000,428500,201500,42950,387500,95200,181578,135000,152000,1410000,197100,733000,430000
63,2026-05-14,178100,1970000,712000,486500,296000,636000,650000,1306000,442000,213000,45950,392500,96800,185962,142300,156000,1449000,209000,671000,442000
64,2026-05-15,168000,1819000,700000,467500,270500,614000,629000,1216000,396500,203500,44000,374000,95100,179957,129200,155600,1419000,190500,640000,417000
65,2026-05-18,162500,1840000,663000,463000,281000,613000,571000,1227000,399500,200000,42450,373000,93100,174620,126800,153000,1386000,190400,615000,408000
66,2026-05-19,154900,1745000,604000,440500,275500,587000,525000,1286000,380500,198100,41600,350500,93900,173952,121600,152800,1346000,182400,598000,400000
67,2026-05-20,149400,1745000,592000,417000,276000,570000,535000,1249000,370500,191500,40150,332000,94000,170998,118700,151700,1337000,176700,636000,384500
68,2026-05-21,167900,1940000,666000,443500,299500,616000,670000,1248000,418500,199500,41800,348000,94800,180720,129800,155800,1395000,195000,672000,401000
69,2026-05-22,164800,1941000,655000,447500,292500,647000,646000,1261000,420500,203000,41850,351000,98200,189394,146500,160000,1415000,216000,680000,398500
70,2026-05-26,167000,2052000,689000,442000,299000,642000,664000,1251000,411000,200000,41450,351000,96000,185867,147000,157300,1425000,220000,745000,399500
71,2026-05-27,164700,2243000,681000,423500,307000,630000,688000,1244000,410500,198800,40500,331000,95000,185390,142900,153800,1384000,213500,744000,383500
72,2026-05-28,164300,2289000,677000,420000,299500,676000,686000,1200000,399500,205000,40100,344500,92800,181101,144700,149700,1373000,218500,704000,442000
73,2026-05-29,169200,2333000,723000,423500,317000,688000,768000,1173000,432500,234000,41950,367000,93600,183865,139000,150600,1363000,217000,696000,458000
74,2026-06-01,169900,2363000,750000,413000,349000,652000,761000,1138000,455000,271500,42700,363500,92600,182722,130400,152100,1377000,207000,684000,455000
75,2026-06-02,168800,2360000,729000,399000,360500,602000,759000,1070000,485500,280500,42550,355000,96400,179100,127600,156600,1367000,198000,673000,442500
76,2026-06-04,164300,2298000,700000,402000,351500,607000,748000,1068000,535000,267500,42000,352000,100100,176500,128800,164200,1350000,197400,651000,422000
77,2026-06-05,161100,2070000,700000,390000,329000,568000,697000,1049000,460500,255500,40250,349000,107500,171400,118500,171600,1340000,180100,664000,414000
78,2026-06-08,151400,1911000,639000,359000,295500,503000,612000,1006000,408500,279000,38600,321000,97100,159400,105200,151500,1243000,159700,621000,388500
79,2026-06-09,164300,2215000,639000,364500,322000,515000,595000,1016000,429000,257000,39500,329000,101200,170000,107400,154800,1296000,167600,612000,396500
80,2026-06-10,159700,2048000,602000,363000,302500,496500,570000,1031000,407500,227000,38150,323000,98200,167300,105900,154000,1298000,164500,641000,385500
81,2026-06-11,156000,2101000,597000,358000,299000,498500,576000,1014000,410000,224000,39300,316500,96900,166200,108800,151500,1286000,164300,646000,384500
82,2026-06-12,166800,2150000,607000,377000,322500,539000,607000,1078000,432000,247000,41500,345000,99600,173000,115700,161200,1295000,170000,650000,400000
83,2026-06-15,167500,2288000,647000,395000,337000,553000,640000,1084000,495000,248000,40750,360500,105600,175000,124000,169600,1332000,186500,714000,420500
84,2026-06-16,170200,2382000,640000,390000,343000,549000,660000,1183000,497000,242000,40450,367500,106700,174500,122600,172000,1333000,179500,698000,410500
85,2026-06-17,166300,2521000,618000,384500,346500,550000,631000,1224000,490000,243500,40550,361000,103100,174600,122800,164000,1370000,180000,707000,416000
86,2026-06-18,158800,2685000,601000,367000,362500,522000,603000,1189000,485500,235000,39300,342500,100800,173600,117500,163100,1430000,172300,684000,400000
87,2026-06-19,154900,2764000,613000,356500,354000,555000,612000,1122000,491500,229500,37750,338000,100900,170300,116000,158300,1374000,169400,667000,404500
88,2026-06-22,151400,2919000,581000,346500,353500,533000,569000,1125000,520000,222000,36800,323000,97500,168500,114500,157000,1295000,166700,636000,385500
89,2026-06-23,137400,2555000,511000,322000,310000,469000,510000,1073000,455000,202500,34250,291500,97700,160500,103000,153700,1273000,150900,588000,362000
90,2026-06-24,138900,2580000,509000,331500,340500,489000,509000,1094000,481500,199400,34000,297500,95700,172700,107700,151800,1385000,152500,587000,365500
91,2026-06-25,139500,2917000,503000,323000,358500,481000,513000,1069000,519000,199700,34250,285500,94500,173100,102000,151900,1386000,144000,582000,352000
92,2026-06-26,135300,2673000,480500,305000,339500,455000,486500,1011000,494500,196400,33150,271000,91600,165900,95400,149300,1343000,133700,564000,331500
93,2026-06-29,140600,2628000,497000,333000,323000,512000,502000,1020000,471000,204000,35850,308000,96400,179200,118000,153700,1448000,154500,592000,400500
94,2026-06-30,138000,2650000,495000,317000,334000,487000,500000,995000,468500,199000,34550,280000,95800,173300,106600,159000,1391000,142500,592000,362000
95,2026-07-01,141500,2560000,487500,315000,314500,491000,494000,1091000,434000,197400,34800,280000,96400,174500,93000,158500,1396000,132700,615000,348000
96,2026-07-02,145200,2187000,482000,317500,286000,470500,492000,1116000,406500,199900,35250,281500,102200,176600,86900,165000,1406000,125500,590000,354000
97,2026-07-03,152000,2425000,492000,320000,309500,467500,494000,1175000,433500,195800,35500,281500,107300,183600,87300,170100,1421000,124400,577000,362500
98,2026-07-06,160700,2343000,502000,321500,318000,451500,515000,1159000,449500,196600,35600,276500,107700,175900,85500,170900,1405000,121700,583000,354500
99,2026-07-07,153700,2201000,479500,315500,296000,445000,495000,1122000,424500,197200,35400,265500,108600,178200,84400,173200,1422000,120200,552000,332000
100,2026-07-08,156800,2076000,462500,304000,277500,412000,488500,1041000,395000,192700,34650,255000,107300,176800,78000,171000,1363000,112600,517000,315500
101,2026-07-09,144800,2186000,445500,297000,278000,401500,465000,953000,378500,184400,33650,251500,105000,173100,79400,171400,1325000,111500,507000,313500
102,2026-07-10,147500,2180000,457500,313500,285000,434000,488000,967000,391500,191300,35350,264000,109200,175200,85800,184400,1395000,121600,504000,326000
103,2026-07-13,143500,1845000,444000,308000,254500,440000,487500,936000,361000,188000,34750,260500,108600,175100,83600,186200,1400000,119800,487500,328500
104,2026-07-14,139600,1913000,424500,303500,263000,427500,466000,872000,354000,183200,33850,255000,106500,172800,79100,180000,1368000,112600,466000,322000
105,2026-07-15,145000,2082000,434000,314500,279500,454000,489500,929000,367000,189600,34900,264500,107300,175700,86400,181600,1383000,120900,471000,335000
106,2026-07-16,149700,1842000,425000,311500,255000,434500,482000,943000,346000,190000,35900,260500,107900,175800,80000,181100,1396000,112400,484000,334000
107,2026-07-20,140000,1764000,399000,302500,244000,401000,472500,875000,317500,185900,35050,253000,101800,172600,73500,168800,1345000,104100,448500,317500
108,2026-07-21,144600,1836000,399000,303000,259000,416500,479500,899000,343500,193000,35300,250500,104700,171600,75200,174000,1395000,105900,451500,317000
109,2026-07-22,146800,1830000,418000,303000,260500,419000,513000,891000,354000,196900,35500,252000,104500,170100,77100,175100,1372000,107500,464500,321000
110,2026-07-23,149800,1919000,432000,323500,270000,467000,524000,958000,360000,220000,37150,271500,103800,172200,84300,176300,1379000,118200,498000,348000
111,2026-07-24,130500,1759000,401000,313000,249500,428000,482000,979000,342000,207500,36200,259000,104400,177600,78100,171500,1518000,108300,485500,329500
112,2026-07-27,130400,1816000,403000,316000,254000,431000,463500,899000,339500,225000,37050,260000,105000,178700,80600,172600,1545000,110500,486500,333000
113,2026-07-28,121800,1550000,364000,299000,220000,382000,440000,875000,305000,210000,35650,240500,100900,177400,72700,165200,1549000,101800,451000,314000
114,2026-07-29,120400,1401000,353500,288500,208500,364000,445000,810000,285500,201500,35300,232500,98300,180000,67400,160100,1479000,92600,434000,300500
115,2026-07-30,120800,1322000,351000,300500,207000,358500,445000,865000,294000,194700,36150,245500,100800,190000,70600,167400,1527000,96500,448000,320000
116,2026-07-31,131900,1718000,388000,312500,262500,397000,476000,917000,351500,208000,37400,258000,100700,186700,79100,168500,1485000,103500,481000,328000
117,2026-08-03,129600,1567000,393000,303500,239500,389500,493500,919000,329000,207500,37200,247000,102700,182200,77400,169500,1423000,96800,470500,316000
118,2026-08-04,129600,1577000,392500,313000,240000,419500,481500,1004000,322500,226500,37900,256500,102300,185800,82000,168800,1476000,102500,483000,328500
119,2026-08-05,133000,1668000,404500,317000,246000,429000,503000,1007000,347500,229000,38150,255500,103600,190300,82300,170700,1491000,101700,509000,335500
120,2026-08-06,133600,1495000,400000,319000,230500,427000,508000,1054000,334000,226000,38300,261000,107400,195000,83600,171500,1514000,102500,507000,345000
121,2026-08-07,134900,1422000,395500,331000,231000,459000,496500,1097000,336500,210000,39900,276000,110000,199300,86000,175800,1556000,107000,506000,360000
122,2026-08-10,135500,1420000,408000,336000,230000,481500,505000,1152000,336000,211500,39550,278000,106400,201000,93500,171700,1569000,114800,532000,367500
123,2026-08-11,134300,1425000,403000,326500,239500,459500,495500,1098000,344500,214000,40700,274000,104500,210500,90300,166600,1609000,109800,503000,354500
124,2026-08-12,135600,1504000,409500,325000,255500,485500,498500,1156000,357500,215500,39550,275500,103800,202000,91300,166000,1549000,114400,496000,358500
125,2026-08-13,137400,1593000,418500,325500,268000,487000,511000,1185000,365000,226500,40100,275500,106600,202000,92100,168100,1564000,114500,496000,365500
126,2026-08-14,141700,1645000,453000,334000,274500,516000,547000,1160000,369000,228000,40000,280500,107400,201000,93600,168500,1548000,116700,510000,369500